date,daily_trips,TMAX
5/31/2013,362,90
6/1/2013,8959,90
6/2/2013,15467,88
6/3/2013,7700,78
6/4/2013,15849,75
6/5/2013,15724,74
6/6/2013,12233,70
6/7/2013,1142,63
6/8/2013,18997,77
6/9/2013,20342,80
6/10/2013,3635,70
6/11/2013,12808,80
6/12/2013,16920,76
6/13/2013,7669,69
6/14/2013,15678,72
6/15/2013,25583,80
6/16/2013,21152,80
6/17/2013,19708,84
6/18/2013,13618,84
6/19/2013,24378,77
6/20/2013,26928,80
6/21/2013,28211,82
6/22/2013,29656,84
6/23/2013,27011,88
6/24/2013,24308,92
6/25/2013,27902,91
6/26/2013,29528,85
6/27/2013,24281,86
6/28/2013,28495,85
6/29/2013,30077,83
6/30/2013,23832,86
7/1/2013,16635,77
7/2/2013,22794,82
7/3/2013,22148,83
7/4/2013,22441,87
7/5/2013,21954,90
7/6/2013,20488,92
7/7/2013,19886,92
7/8/2013,21622,89
7/9/2013,26636,88
7/10/2013,25891,85
7/11/2013,24640,84
7/12/2013,18715,77
7/13/2013,27030,81
7/14/2013,28355,90
7/15/2013,28113,94
7/16/2013,29961,94
7/17/2013,30506,97
7/18/2013,29074,98
7/19/2013,26981,96
7/20/2013,25428,93
7/21/2013,29445,89
7/22/2013,25756,86
7/23/2013,32739,87
7/24/2013,35254,83
7/25/2013,31144,68
7/26/2013,35268,83
7/27/2013,32618,82
7/28/2013,22184,78
7/29/2013,35231,85
7/30/2013,37523,83
7/31/2013,37283,83
8/1/2013,19968,76
8/2/2013,36668,83
8/3/2013,29725,78
8/4/2013,34169,80
8/5/2013,36772,78
8/6/2013,37811,82
8/7/2013,34294,80
8/8/2013,28566,81
8/9/2013,29480,85
8/10/2013,37575,83
8/11/2013,31938,81
8/12/2013,31495,82
8/13/2013,22482,77
8/14/2013,38257,74
8/15/2013,37571,78
8/16/2013,36543,82
8/17/2013,37275,84
8/18/2013,26705,76
8/19/2013,33138,79
8/20/2013,35978,88
8/21/2013,36386,90
8/22/2013,26678,78
8/23/2013,34149,82
8/24/2013,33019,80
8/25/2013,30741,83
8/26/2013,29885,84
8/27/2013,34474,87
8/28/2013,28156,86
8/29/2013,34491,80
8/30/2013,32564,85
8/31/2013,25344,86
9/1/2013,25187,84
9/2/2013,20770,82
9/3/2013,32494,82
9/4/2013,36969,82
9/5/2013,35898,80
9/6/2013,36462,72
9/7/2013,34694,80
9/8/2013,32015,83
9/9/2013,35428,73
9/10/2013,37155,87
9/11/2013,35916,96
9/12/2013,31204,87
9/13/2013,36927,77
9/14/2013,31726,67
9/15/2013,31066,73
9/16/2013,31285,73
9/17/2013,38366,65
9/18/2013,38079,72
9/19/2013,39378,78
9/20/2013,40043,79
9/21/2013,30633,77
9/22/2013,29810,69
9/23/2013,35259,66
9/24/2013,38511,73
9/25/2013,38242,73
9/26/2013,38361,71
9/27/2013,38031,69
9/28/2013,35196,73
9/29/2013,31431,72
9/30/2013,37227,75
10/1/2013,40684,82
10/2/2013,41477,83
10/3/2013,40600,78
10/4/2013,40750,86
10/5/2013,34559,76
10/6/2013,25223,70
10/7/2013,25007,76
10/8/2013,38424,67
10/9/2013,37029,62
10/10/2013,31251,65
10/11/2013,34000,68
10/12/2013,32644,72
10/13/2013,27913,65
10/14/2013,32946,66
10/15/2013,37561,72
10/16/2013,37074,67
10/17/2013,36968,73
10/18/2013,38648,68
10/19/2013,29594,64
10/20/2013,28360,63
10/21/2013,35012,66
10/22/2013,36351,67
10/23/2013,32319,55
10/24/2013,32368,54
10/25/2013,31406,53
10/26/2013,24746,55
10/27/2013,23206,58
10/28/2013,31526,61
10/29/2013,33448,56
10/30/2013,35201,60
10/31/2013,31695,66
11/1/2013,30759,70
11/2/2013,31108,68
11/3/2013,19762,55
11/4/2013,27257,46
11/5/2013,31635,55
11/6/2013,34926,61
11/7/2013,25707,64
11/8/2013,28930,50
11/9/2013,22089,50
11/10/2013,18906,61
11/11/2013,27316,53
11/12/2013,19834,52
11/13/2013,23660,39
11/14/2013,27245,52
11/15/2013,29604,57
11/16/2013,25600,60
11/17/2013,16802,60
11/18/2013,30670,65
11/19/2013,27399,51
11/20/2013,26247,44
11/21/2013,29018,52
11/22/2013,25865,57
11/23/2013,18508,54
11/24/2013,9013,30
11/25/2013,19207,35
11/26/2013,14819,47
11/27/2013,8166,62
11/28/2013,5182,35
11/29/2013,10193,39
11/30/2013,10071,39
12/1/2013,13095,49
12/2/2013,24611,49
12/3/2013,27512,53
12/4/2013,28225,52
12/5/2013,27162,60
12/6/2013,10407,62
12/7/2013,16023,41
12/8/2013,9430,33
12/9/2013,15038,39
12/10/2013,12793,37
12/11/2013,18830,33
12/12/2013,17233,30
12/13/2013,18246,35
12/14/2013,3095,34
12/15/2013,7567,40
12/16/2013,15648,33
12/17/2013,7775,32
12/18/2013,15073,37
12/19/2013,19050,47
12/20/2013,22171,53
12/21/2013,18102,65
12/22/2013,14543,71
12/23/2013,6847,64
12/24/2013,10948,42
12/25/2013,3208,31
12/26/2013,9873,36
12/27/2013,11879,40
12/28/2013,12190,55
12/29/2013,3436,48
12/30/2013,13220,45
12/31/2013,10899,32
1/1/2014,5514,33
1/2/2014,8501,33
1/3/2014,1165,18
1/4/2014,2409,29
1/5/2014,2597,40
1/6/2014,9509,55
1/7/2014,6237,19
1/8/2014,9296,22
1/9/2014,13463,32
1/10/2014,9915,37
1/11/2014,7923,58
1/12/2014,12190,54
1/13/2014,20709,51
1/14/2014,9973,52
1/15/2014,21696,47
1/16/2014,19967,42
1/17/2014,20560,44
1/18/2014,9240,41
1/19/2014,8906,38
1/20/2014,13295,46
1/21/2014,3666,31
1/22/2014,2486,17
1/23/2014,5130,20
1/24/2014,6236,20
1/25/2014,4369,28
1/26/2014,4880,34
1/27/2014,13132,44
1/28/2014,10007,21
1/29/2014,10076,23
1/30/2014,12229,30
1/31/2014,14924,39
2/1/2014,12884,45
2/2/2014,13414,56
2/3/2014,2462,43
2/4/2014,8745,35
2/5/2014,2746,34
2/6/2014,7249,32
2/7/2014,8604,32
2/8/2014,5981,29
2/9/2014,4790,31
2/10/2014,6883,29
2/11/2014,8337,26
2/12/2014,8572,25
2/13/2014,830,36
2/14/2014,3729,40
2/15/2014,2212,37
2/16/2014,3014,30
2/17/2014,4826,32
2/18/2014,5165,39
2/19/2014,8548,45
2/20/2014,11858,51
2/21/2014,8872,49
2/22/2014,13199,54
2/23/2014,12901,54
2/24/2014,12912,44
2/25/2014,12855,33
2/26/2014,11197,31
2/27/2014,12028,34
2/28/2014,9710,24
3/1/2014,9357,37
3/2/2014,7932,40
3/3/2014,7647,32
3/4/2014,10447,29
3/5/2014,13817,39
3/6/2014,12829,31
3/7/2014,13483,37
3/8/2014,16542,57
3/9/2014,11845,44
3/10/2014,17281,51
3/11/2014,24435,66
3/12/2014,14939,56
3/13/2014,10989,32
3/14/2014,16669,46
3/15/2014,18028,58
3/16/2014,9446,42
3/17/2014,12561,35
3/18/2014,16718,43
3/19/2014,13239,46
3/20/2014,19893,54
3/21/2014,20987,51
3/22/2014,19922,63
3/23/2014,11255,42
3/24/2014,13617,35
3/25/2014,16073,39
3/26/2014,14460,36
3/27/2014,16849,44
3/28/2014,18788,62
3/29/2014,3946,59
3/30/2014,7862,49
3/31/2014,17182,56
4/1/2014,23965,60
4/2/2014,22592,54
4/3/2014,26164,67
4/4/2014,12675,47
4/5/2014,18927,54
4/6/2014,20398,61
4/7/2014,14582,53
4/8/2014,22055,64
4/9/2014,26980,61
4/10/2014,27592,58
4/11/2014,27121,75
4/12/2014,27194,73
4/13/2014,26386,77
4/14/2014,28785,75
4/15/2014,10245,63
4/16/2014,20294,49
4/17/2014,22357,48
4/18/2014,20915,49
4/19/2014,24580,68
4/20/2014,17989,60
4/21/2014,27208,67
4/22/2014,27307,71
4/23/2014,26914,61
4/24/2014,28234,62
4/25/2014,27783,63
4/26/2014,20278,67
4/27/2014,21504,59
4/28/2014,28576,67
4/29/2014,18289,52
4/30/2014,2761,52
5/1/2014,27262,78
5/2/2014,32776,70
5/3/2014,25292,71
5/4/2014,20753,65
5/5/2014,30432,70
5/6/2014,32257,71
5/7/2014,32825,69
5/8/2014,17783,59
5/9/2014,22917,63
5/10/2014,21545,83
5/11/2014,28235,82
5/12/2014,31721,85
5/13/2014,32763,73
5/14/2014,29965,71
5/15/2014,26267,71
5/16/2014,17814,68
5/17/2014,30520,70
5/18/2014,26624,67
5/19/2014,31737,72
5/20/2014,35719,78
5/21/2014,34422,74
5/22/2014,24493,67
5/23/2014,24187,71
5/24/2014,17278,70
5/25/2014,25836,80
5/26/2014,26550,86
5/27/2014,32898,86
5/28/2014,29599,64
5/29/2014,34036,66
5/30/2014,34803,75
5/31/2014,27716,73
6/1/2014,30736,77
6/2/2014,34562,80
6/3/2014,29570,87
6/4/2014,36046,82
6/5/2014,24936,76
6/6/2014,38149,76
6/7/2014,31448,82
6/8/2014,29163,86
6/9/2014,18546,73
6/10/2014,33522,77
6/11/2014,30559,70
6/12/2014,28935,73
6/13/2014,18790,79
6/14/2014,28571,74
6/15/2014,27854,80
6/16/2014,34966,81
6/17/2014,35167,89
6/18/2014,35628,89
6/19/2014,31855,77
6/20/2014,34753,79
6/21/2014,30444,78
6/22/2014,28591,79
6/23/2014,32615,81
6/24/2014,35957,81
6/25/2014,34113,85
6/26/2014,35368,85
6/27/2014,36264,83
6/28/2014,28574,87
6/29/2014,27155,83
6/30/2014,33610,84
7/1/2014,34925,89
7/2/2014,26432,91
7/3/2014,27810,87
7/4/2014,13735,74
7/5/2014,23058,81
7/6/2014,23269,84
7/7/2014,31804,90
7/8/2014,32848,91
7/9/2014,34577,88
7/10/2014,36504,83
7/11/2014,35307,86
7/12/2014,28928,85
7/13/2014,23623,83
7/14/2014,25959,84
7/15/2014,23134,86
7/16/2014,35672,81
7/17/2014,38777,81
7/18/2014,36483,81
7/19/2014,29449,76
7/20/2014,29445,80
7/21/2014,35591,85
7/22/2014,37018,86
7/23/2014,34000,88
7/24/2014,37144,80
7/25/2014,36775,82
7/26/2014,27317,81
7/27/2014,25834,85
7/28/2014,33423,82
7/29/2014,37200,76
7/30/2014,37413,80
7/31/2014,35593,82
8/1/2014,33040,84
8/2/2014,26744,74
8/3/2014,24638,76
8/4/2014,33835,84
8/5/2014,34492,90
8/6/2014,36391,83
8/7/2014,36557,83
8/8/2014,34457,83
8/9/2014,31644,87
8/10/2014,26045,88
8/11/2014,33662,87
8/12/2014,25913,79
8/13/2014,28379,82
8/14/2014,35325,77
8/15/2014,32924,73
8/16/2014,31932,78
8/17/2014,26839,82
8/18/2014,34347,81
8/19/2014,35413,83
8/20/2014,35585,84
8/21/2014,33390,83
8/22/2014,31267,79
8/23/2014,26562,77
8/24/2014,26778,80
8/25/2014,32962,88
8/26/2014,34529,89
8/27/2014,33817,90
8/28/2014,33982,82
8/29/2014,31447,80
8/30/2014,22762,80
8/31/2014,17088,90
9/1/2014,23575,88
9/2/2014,30507,92
9/3/2014,35535,86
9/4/2014,36496,87
9/5/2014,34831,87
9/6/2014,25833,91
9/7/2014,29721,81
9/8/2014,34335,75
9/9/2014,34518,73
9/10/2014,37653,80
9/11/2014,37081,83
9/12/2014,37204,78
9/13/2014,17293,69
9/14/2014,28688,71
9/15/2014,35045,71
9/16/2014,25633,70
9/17/2014,37453,73
9/18/2014,37381,76
9/19/2014,34713,66
9/20/2014,30011,75
9/21/2014,26080,75
9/22/2014,33239,71
9/23/2014,36347,71
9/24/2014,35481,71
9/25/2014,16650,64
9/26/2014,35116,77
9/27/2014,30193,83
9/28/2014,29021,84
9/29/2014,33161,79
9/30/2014,35093,71
10/1/2014,27942,65
10/2/2014,34492,70
10/3/2014,34944,71
10/4/2014,13354,69
10/5/2014,23456,61
10/6/2014,31742,69
10/7/2014,32892,71
10/8/2014,33607,73
10/9/2014,32203,68
10/10/2014,30887,64
10/11/2014,12965,60
10/12/2014,23394,63
10/13/2014,22752,65
10/14/2014,32614,76
10/15/2014,28743,77
10/16/2014,26754,71
10/17/2014,34132,71
10/18/2014,24978,70
10/19/2014,18840,56
10/20/2014,27914,60
10/21/2014,31330,67
10/22/2014,9169,58
10/23/2014,13371,53
10/24/2014,29837,63
10/25/2014,24952,67
10/26/2014,20768,63
10/27/2014,28806,63
10/28/2014,32956,72
10/29/2014,29999,72
10/30/2014,31133,59
10/31/2014,27785,55
11/1/2014,6002,47
11/2/2014,14100,48
11/3/2014,26757,61
11/4/2014,31174,68
11/5/2014,30539,64
11/6/2014,12283,57
11/7/2014,25355,53
11/8/2014,17443,48
11/9/2014,18207,57
11/10/2014,27655,61
11/11/2014,29358,64
11/12/2014,27807,65
11/13/2014,20652,48
11/14/2014,21082,42
11/15/2014,14057,42
11/16/2014,13272,45
11/17/2014,8116,52
11/18/2014,16691,45
11/19/2014,16694,36
11/20/2014,20611,45
11/21/2014,17806,37
11/22/2014,12682,44
11/23/2014,15669,57
11/24/2014,23031,69
11/25/2014,25580,68
11/26/2014,3675,51
11/27/2014,3945,38
11/28/2014,8378,37
11/29/2014,8183,45
11/30/2014,12384,55
12/1/2014,18519,65
12/2/2014,15367,43
12/3/2014,13472,46
12/4/2014,21335,45
12/5/2014,15818,44
12/6/2014,4047,50
12/7/2014,10510,42
12/8/2014,15557,37
12/9/2014,6713,42
12/10/2014,10399,40
12/11/2014,18141,38
12/12/2014,17892,38
12/13/2014,12549,44
12/14/2014,11941,46
12/15/2014,19382,48
12/16/2014,16816,49
12/17/2014,20346,54
12/18/2014,19051,42
12/19/2014,17200,38
12/20/2014,9582,33
12/21/2014,8747,36
12/22/2014,13560,44
12/23/2014,9422,46
12/24/2014,4285,58
12/25/2014,4890,62
12/26/2014,9895,50
12/27/2014,10247,55
12/28/2014,7902,54
12/29/2014,13549,44
12/30/2014,12196,34
12/31/2014,9739,32
1/1/2015,5317,39
1/2/2015,11304,42
1/3/2015,4478,42
1/4/2015,7849,56
1/5/2015,14506,49
1/6/2015,8739,22
1/7/2015,9646,23
1/8/2015,8779,21
1/9/2015,7930,33
1/10/2015,6109,23
1/11/2015,7467,37
1/12/2015,8645,39
1/13/2015,12797,36
1/14/2015,13086,32
1/15/2015,14075,35
1/16/2015,13843,43
1/17/2015,7491,32
1/18/2015,1795,42
1/19/2015,10710,42
1/20/2015,16129,40
1/21/2015,15234,36
1/22/2015,15864,40
1/23/2015,15737,39
1/24/2015,4814,39
1/25/2015,9379,42
1/26/2015,4141,31
1/27/2015,1214,30
1/28/2015,5401,34
1/29/2015,8870,36
1/30/2015,9015,38
1/31/2015,5188,26
2/1/2015,6441,36
2/2/2015,1459,34
2/3/2015,4754,26
2/4/2015,8973,43
2/5/2015,9208,42
2/6/2015,8575,27
2/7/2015,6790,40
2/8/2015,6662,37
2/9/2015,5160,29
2/10/2015,10328,40
2/11/2015,11439,34
2/12/2015,11269,40
2/13/2015,7642,21
2/14/2015,4614,32
2/15/2015,2581,25
2/16/2015,3998,21
2/17/2015,4784,27
2/18/2015,9170,33
2/19/2015,7799,27
2/20/2015,6159,19
2/21/2015,3157,32
2/22/2015,4274,43
2/23/2015,7458,38
2/24/2015,7402,24
2/25/2015,10751,37
2/26/2015,9901,32
2/27/2015,9864,30
2/28/2015,6318,29
3/1/2015,2879,31
3/2/2015,7283,39
3/3/2015,6533,37
3/4/2015,7514,45
3/5/2015,1637,40
3/6/2015,5162,27
3/7/2015,5590,38
3/8/2015,7898,49
3/9/2015,14878,54
3/10/2015,11781,53
3/11/2015,19561,59
3/12/2015,17530,47
3/13/2015,16145,43
3/14/2015,3906,51
3/15/2015,8838,44
3/16/2015,16787,52
3/17/2015,14857,57
3/18/2015,13842,39
3/19/2015,15446,43
3/20/2015,8052,38
3/21/2015,9338,47
3/22/2015,9676,43
3/23/2015,13538,38
3/24/2015,16166,45
3/25/2015,14670,49
3/26/2015,14954,62
3/27/2015,14107,46
3/28/2015,1107,40
3/29/2015,9826,46
3/30/2015,18075,54
3/31/2015,14250,47
4/1/2015,20146,51
4/2/2015,24227,67
4/3/2015,14774,64
4/4/2015,14355,60
4/5/2015,13799,61
4/6/2015,23391,63
4/7/2015,16262,62
4/8/2015,17872,45
4/9/2015,16546,43
4/10/2015,16317,56
4/11/2015,18643,57
4/12/2015,19954,66
4/13/2015,24925,68
4/14/2015,22703,65
4/15/2015,27594,72
4/16/2015,27180,64
4/17/2015,24175,71
4/18/2015,28174,80
4/19/2015,21475,64
4/20/2015,11202,57
4/21/2015,24868,65
4/22/2015,21997,69
4/23/2015,22074,52
4/24/2015,20981,52
4/25/2015,21082,62
4/26/2015,21594,64
4/27/2015,25501,62
4/28/2015,29795,71
4/29/2015,31532,78
4/30/2015,29252,67
5/1/2015,27924,63
5/2/2015,25743,74
5/3/2015,27694,80
5/4/2015,32066,85
5/5/2015,33012,85
5/6/2015,30313,73
5/7/2015,34871,80
5/8/2015,34304,82
5/9/2015,24329,70
5/10/2015,26573,83
5/11/2015,32382,84
5/12/2015,35225,86
5/13/2015,33402,70
5/14/2015,40826,73
5/15/2015,34945,75
5/16/2015,23882,75
5/17/2015,30969,83
5/18/2015,31559,75
5/19/2015,33895,80
5/20/2015,33823,67
5/21/2015,31214,62
5/22/2015,31891,74
5/23/2015,23910,70
5/24/2015,25151,81
5/25/2015,28164,85
5/26/2015,35786,88
5/27/2015,33710,85
5/28/2015,35934,85
5/29/2015,37756,85
5/30/2015,31147,85
5/31/2015,19586,87
6/1/2015,15283,58
6/2/2015,11984,55
6/3/2015,34590,70
6/4/2015,32772,65
6/5/2015,31294,70
6/6/2015,26334,76
6/7/2015,30773,74
6/8/2015,33585,79
6/9/2015,35412,83
6/10/2015,39350,82
6/11/2015,37400,89
6/12/2015,35136,88
6/13/2015,29980,86
6/14/2015,28184,88
6/15/2015,25087,83
6/16/2015,32147,79
6/17/2015,38030,82
6/18/2015,35464,71
6/19/2015,37380,87
6/20/2015,23580,75
6/21/2015,25926,88
6/22/2015,37677,87
6/23/2015,32294,90
6/24/2015,41070,84
6/25/2015,39673,83
6/26/2015,38614,81
6/27/2015,15485,71
6/28/2015,20591,73
6/29/2015,38037,76
6/30/2015,38087,82
7/1/2015,37539,82
7/2/2015,35559,80
7/3/2015,26928,82
7/4/2015,21706,75
7/5/2015,25920,83
7/6/2015,35251,83
7/7/2015,36837,88
7/8/2015,35047,88
7/9/2015,31978,79
7/10/2015,38559,84
7/11/2015,31719,88
7/12/2015,31037,89
7/13/2015,38485,88
7/14/2015,35802,82
7/15/2015,34979,81
7/16/2015,42356,80
7/17/2015,39595,81
7/18/2015,28870,85
7/19/2015,28531,93
7/20/2015,34889,94
7/21/2015,38499,89
7/22/2015,42557,85
7/23/2015,42175,86
7/24/2015,40330,87
7/25/2015,31639,88
7/26/2015,30543,90
7/27/2015,38747,86
7/28/2015,40434,95
7/29/2015,39428,96
7/30/2015,31166,87
7/31/2015,38571,89
8/1/2015,35179,89
8/2/2015,31622,89
8/3/2015,38888,90
8/4/2015,40783,89
8/5/2015,41075,87
8/6/2015,42283,83
8/7/2015,40999,84
8/8/2015,38723,82
8/9/2015,32716,85
8/10/2015,39870,84
8/11/2015,25066,81
8/12/2015,42994,85
8/13/2015,42170,83
8/14/2015,39983,88
8/15/2015,37821,92
8/16/2015,30344,93
8/17/2015,37449,95
8/18/2015,39916,90
8/19/2015,40726,87
8/20/2015,39280,86
8/21/2015,38038,87
8/22/2015,34277,86
8/23/2015,33071,85
8/24/2015,38943,87
8/25/2015,41655,90
8/26/2015,42832,85
8/27/2015,43173,82
8/28/2015,41755,82
8/29/2015,34381,87
8/30/2015,32913,90
8/31/2015,40119,91
9/1/2015,43291,90
9/2/2015,43225,91
9/3/2015,42879,93
9/4/2015,39956,85
9/5/2015,34005,83
9/6/2015,33199,87
9/7/2015,33682,92
9/8/2015,42766,97
9/9/2015,44005,90
9/10/2015,22253,79
9/11/2015,47613,81
9/12/2015,33661,79
9/13/2015,34794,80
9/14/2015,44668,77
9/15/2015,48729,84
9/16/2015,51179,88
9/17/2015,50705,89
9/18/2015,50285,87
9/19/2015,43011,83
9/20/2015,40462,79
9/21/2015,47180,73
9/22/2015,48685,71
9/23/2015,48366,80
9/24/2015,52706,82
9/25/2015,51368,76
9/26/2015,42560,72
9/27/2015,38285,71
9/28/2015,48011,78
9/29/2015,48725,83
9/30/2015,39445,79
10/1/2015,34719,64
10/2/2015,9444,57
10/3/2015,16564,55
10/4/2015,30214,63
10/5/2015,44581,67
10/6/2015,49719,73
10/7/2015,50141,73
10/8/2015,50179,72
10/9/2015,37283,78
10/10/2015,39345,65
10/11/2015,38967,69
10/12/2015,45584,77
10/13/2015,49047,72
10/14/2015,49998,69
10/15/2015,48783,64
10/16/2015,46484,64
10/17/2015,31809,56
10/18/2015,23978,50
10/19/2015,36570,53
10/20/2015,45376,70
10/21/2015,49121,76
10/22/2015,49604,75
10/23/2015,44679,65
10/24/2015,31713,57
10/25/2015,29289,68
10/26/2015,42165,58
10/27/2015,44553,59
10/28/2015,20736,69
10/29/2015,45358,73
10/30/2015,44518,61
10/31/2015,31756,56
11/1/2015,30622,65
11/2/2015,44534,63
11/3/2015,49326,72
11/4/2015,49487,70
11/5/2015,43006,71
11/6/2015,47162,74
11/7/2015,35586,72
11/8/2015,32317,56
11/9/2015,42262,59
11/10/2015,21585,57
11/11/2015,37705,58
11/12/2015,37319,61
11/13/2015,38970,58
11/14/2015,25299,49
11/15/2015,25990,58
11/16/2015,40916,67
11/17/2015,38939,52
11/18/2015,41485,58
11/19/2015,21890,64
11/20/2015,38205,64
11/21/2015,28038,53
11/22/2015,23343,55
11/23/2015,30136,44
11/24/2015,32218,46
11/25/2015,30295,50
11/26/2015,13291,60
11/27/2015,22824,64
11/28/2015,15830,64
11/29/2015,18452,49
11/30/2015,30213,47
12/1/2015,18399,51
12/2/2015,23782,57
12/3/2015,33917,55
12/4/2015,34737,51
12/5/2015,26358,51
12/6/2015,24943,53
12/7/2015,34139,54
12/8/2015,35614,49
12/9/2015,35306,55
12/10/2015,39099,60
12/11/2015,39060,61
12/12/2015,31957,66
12/13/2015,32001,67
12/14/2015,32518,67
12/15/2015,38661,68
12/16/2015,35643,53
12/17/2015,21961,59
12/18/2015,30704,57
12/19/2015,17778,40
12/20/2015,17030,43
12/21/2015,29800,56
12/22/2015,22941,62
12/23/2015,14817,64
12/24/2015,18447,72
12/25/2015,12333,66
12/26/2015,13914,59
12/27/2015,13177,61
12/28/2015,18889,46
12/29/2015,13347,46
12/30/2015,22477,48
12/31/2015,20376,48
1/1/2016,11009,42
1/2/2016,14587,40
1/3/2016,15499,45
1/4/2016,19593,36
1/5/2016,18053,29
1/6/2016,24569,41
1/7/2016,27773,46
1/8/2016,28709,46
1/9/2016,20846,47
1/10/2016,14275,59
1/11/2016,22937,40
1/12/2016,25211,44
1/13/2016,21133,30
1/14/2016,23780,38
1/15/2016,28435,51
1/16/2016,19178,52
1/17/2016,12024,42
1/18/2016,12718,31
1/19/2016,17281,28
1/20/2016,23420,37
1/21/2016,23672,36
1/22/2016,20950,30
1/27/2016,6761,47
1/28/2016,11946,42
1/29/2016,16028,41
1/30/2016,12973,39
1/31/2016,16118,56
2/1/2016,24334,59
2/2/2016,28528,50
2/3/2016,16203,59
2/4/2016,27766,59
2/5/2016,13670,44
2/6/2016,16933,40
2/7/2016,17605,47
2/8/2016,19026,39
2/9/2016,22741,36
2/10/2016,22420,39
2/11/2016,18748,31
2/12/2016,16449,27
2/13/2016,6625,22
2/14/2016,4653,15
2/15/2016,5884,35
2/16/2016,14542,54
2/17/2016,23572,39
2/18/2016,22261,36
2/19/2016,21959,39
2/20/2016,24484,61
2/21/2016,20052,55
2/22/2016,28233,52
2/23/2016,16133,40
2/24/2016,9761,60
2/25/2016,25102,61
2/26/2016,22573,39
2/27/2016,17226,41
2/28/2016,25437,60
2/29/2016,27954,61
3/1/2016,30509,52
3/2/2016,26195,55
3/3/2016,24061,36
3/4/2016,17369,39
3/5/2016,18023,41
3/6/2016,18832,44
3/7/2016,31492,60
3/8/2016,36521,67
3/9/2016,41490,77
3/10/2016,42252,79
3/11/2016,38195,68
3/12/2016,32771,59
3/13/2016,27550,62
3/14/2016,10930,51
3/15/2016,31596,57
3/16/2016,36067,65
3/17/2016,35390,63
3/18/2016,34647,57
3/19/2016,24048,46
3/20/2016,16678,43
3/21/2016,26414,50
3/22/2016,33497,56
3/23/2016,40983,71
3/24/2016,36495,55
3/25/2016,34097,72
3/26/2016,27478,55
3/27/2016,22483,55
3/28/2016,20345,62
3/29/2016,31481,53
3/30/2016,33684,56
3/31/2016,38348,73
4/1/2016,34449,79
4/2/2016,21839,61
4/3/2016,15322,50
4/4/2016,12302,45
4/5/2016,26238,43
4/6/2016,29365,48
4/7/2016,30402,58
4/8/2016,30817,50
4/9/2016,12702,43
4/10/2016,23229,50
4/11/2016,32048,65
4/12/2016,23765,59
4/13/2016,37539,58
4/14/2016,38505,62
4/15/2016,39676,65
4/16/2016,36148,68
4/17/2016,38843,75
4/18/2016,43994,82
4/19/2016,46075,73
4/20/2016,44547,69
4/21/2016,45570,73
4/22/2016,48815,79
4/23/2016,33647,71
4/24/2016,37866,68
4/25/2016,42308,69
4/26/2016,34643,60
4/27/2016,41931,62
4/28/2016,37428,59
4/29/2016,34878,58
4/30/2016,38258,65
5/1/2016,10697,51
5/2/2016,38537,60
5/3/2016,22858,56
5/4/2016,31619,52
5/5/2016,39903,57
5/6/2016,18860,54
5/7/2016,31078,60
5/8/2016,31197,66
5/9/2016,45724,72
5/10/2016,44849,63
5/11/2016,51181,76
5/12/2016,52273,80
5/13/2016,32391,65
5/14/2016,42063,73
5/15/2016,28661,59
5/16/2016,42787,66
5/17/2016,43396,64
5/18/2016,44803,68
5/19/2016,49182,73
5/20/2016,52543,76
5/21/2016,30519,66
5/22/2016,37802,70
5/23/2016,48578,78
5/24/2016,34796,73
5/25/2016,53439,88
5/26/2016,52133,90
5/27/2016,46937,87
5/28/2016,34222,92
5/29/2016,36877,87
5/30/2016,32619,82
5/31/2016,49756,85
6/1/2016,54665,83
6/2/2016,54401,78
6/3/2016,38975,70
6/4/2016,40977,83
6/5/2016,22397,71
6/6/2016,52149,83
6/7/2016,51812,85
6/8/2016,42250,67
6/9/2016,52905,71
6/10/2016,53299,77
6/11/2016,41030,88
6/12/2016,40637,83
6/13/2016,49069,74
6/14/2016,54813,79
6/15/2016,55049,85
6/16/2016,46198,74
6/17/2016,54236,78
6/18/2016,48901,87
6/19/2016,45270,88
6/20/2016,52247,84
6/21/2016,53564,87
6/22/2016,55749,86
6/23/2016,53206,83
6/24/2016,54186,84
6/25/2016,43000,86
6/26/2016,42992,87
6/27/2016,47023,83
6/28/2016,49593,76
6/29/2016,54882,83
6/30/2016,54843,85
7/1/2016,39669,79
7/2/2016,35837,76
7/3/2016,35348,78
7/4/2016,34860,84
7/5/2016,43744,86
7/6/2016,51353,91
7/7/2016,48742,89
7/8/2016,44419,86
7/9/2016,38142,72
7/10/2016,41991,80
7/11/2016,52870,81
7/12/2016,56537,82
7/13/2016,55486,85
7/14/2016,50350,88
7/15/2016,48572,88
7/16/2016,38406,90
7/17/2016,41347,89
7/18/2016,43687,93
7/19/2016,54593,83
7/20/2016,57225,85
7/21/2016,54842,90
7/22/2016,49191,94
7/23/2016,37523,96
7/24/2016,39637,94
7/25/2016,35379,93
7/26/2016,52912,89
7/27/2016,54163,91
7/28/2016,50151,95
7/29/2016,37703,85
7/30/2016,27780,84
7/31/2016,27651,78
8/1/2016,49401,80
8/2/2016,56764,79
8/3/2016,57003,80
8/4/2016,56604,81
8/5/2016,53297,83
8/6/2016,44213,87
8/7/2016,43631,86
8/8/2016,52262,86
8/9/2016,56112,87
8/10/2016,50114,86
8/11/2016,47430,91
8/12/2016,44750,93
8/13/2016,38912,96
8/14/2016,32961,94
8/15/2016,49063,92
8/16/2016,50426,87
8/17/2016,53989,85
8/18/2016,53218,85
8/19/2016,51669,88
8/20/2016,45817,83
8/21/2016,35051,86
8/22/2016,54404,79
8/23/2016,58674,82
8/24/2016,58154,88
8/25/2016,53487,86
8/26/2016,52037,90
8/27/2016,45674,89
8/28/2016,44639,89
8/29/2016,53288,91
8/30/2016,57405,86
8/31/2016,57214,89
9/1/2016,38187,79
9/2/2016,53007,81
9/3/2016,41630,75
9/4/2016,46023,80
9/5/2016,45436,84
9/6/2016,52447,80
9/7/2016,60500,85
9/8/2016,61596,89
9/9/2016,56813,91
9/10/2016,48455,90
9/11/2016,52245,83
9/12/2016,61103,78
9/13/2016,64839,83
9/14/2016,59203,91
9/15/2016,67331,74
9/16/2016,65275,73
9/17/2016,59200,77
9/18/2016,51686,82
9/19/2016,34217,76
9/20/2016,64891,82
9/21/2016,65463,84
9/22/2016,67810,86
9/23/2016,65517,87
9/24/2016,53259,71
9/25/2016,53568,70
9/26/2016,61386,74
9/27/2016,61346,74
9/28/2016,59464,69
9/29/2016,55578,64
9/30/2016,22445,59
10/1/2016,40375,62
10/2/2016,40034,63
10/3/2016,56455,72
10/4/2016,60319,69
10/5/2016,65240,67
10/6/2016,67697,73
10/7/2016,66700,75
10/8/2016,34063,68
10/9/2016,21089,65
10/10/2016,52181,64
10/11/2016,58872,63
10/12/2016,57745,66
10/13/2016,61379,67
10/14/2016,61305,62
10/15/2016,52280,65
10/16/2016,47601,69
10/17/2016,62740,81
10/18/2016,68275,81
10/19/2016,69967,85
10/20/2016,63892,70
10/21/2016,41069,69
10/22/2016,25236,57
10/23/2016,40739,61
10/24/2016,55240,62
10/25/2016,52661,52
10/26/2016,52534,51
10/27/2016,21081,55
10/28/2016,46740,51
10/29/2016,43560,64
10/30/2016,36143,76
10/31/2016,50162,54
11/1/2016,55917,58
11/2/2016,62638,70
11/3/2016,59459,72
11/4/2016,58308,61
11/5/2016,49230,62
11/6/2016,38014,59
11/7/2016,50031,53
11/8/2016,57406,66
11/9/2016,37276,59
11/10/2016,51179,56
11/11/2016,45886,63
11/12/2016,35009,50
11/13/2016,36018,61
11/14/2016,48986,62
11/15/2016,22806,56
11/16/2016,53495,61
11/17/2016,54027,61
11/18/2016,54178,64
11/19/2016,39961,63
11/20/2016,20580,42
11/21/2016,33038,41
11/22/2016,36845,41
11/23/2016,34608,45
11/24/2016,11972,48
11/25/2016,21429,54
11/26/2016,23736,50
11/27/2016,23589,50
11/28/2016,42191,52
11/29/2016,14640,60
11/30/2016,24275,58
12/1/2016,43570,54
12/2/2016,42787,51
12/3/2016,30013,47
12/4/2016,26602,47
12/5/2016,35971,49
12/6/2016,33207,46
12/7/2016,38272,46
12/8/2016,39584,45
12/9/2016,33850,39
12/10/2016,22437,35
12/11/2016,17212,35
12/12/2016,29184,46
12/13/2016,39101,43
12/14/2016,37753,42
12/15/2016,24987,34
12/16/2016,24739,27
12/17/2016,7000,39
12/18/2016,15912,58
12/19/2016,25675,31
12/20/2016,27758,33
12/21/2016,30715,40
12/22/2016,30959,49
12/23/2016,26357,47
12/24/2016,7817,47
12/25/2016,9805,50
12/26/2016,10898,50
12/27/2016,26004,60
12/28/2016,23620,40
12/29/2016,13246,46
12/30/2016,21464,40
12/31/2016,16632,44
1/1/2017,15129,48
1/2/2017,8686,41
1/3/2017,14321,43
1/4/2017,34043,52
1/5/2017,28346,34
1/6/2017,24487,33
1/7/2017,4067,26
1/8/2017,6346,25
1/9/2017,15920,23
1/10/2017,23297,46
1/11/2017,32385,52
1/12/2017,40209,66
1/13/2017,33572,62
1/14/2017,13781,34
1/15/2017,17236,38
1/16/2017,23966,43
1/17/2017,18579,42
1/18/2017,31050,41
1/19/2017,36649,49
1/20/2017,27085,45
1/21/2017,26799,49
1/22/2017,19803,48
1/23/2017,15595,44
1/24/2017,13402,38
1/25/2017,37076,51
1/26/2017,33021,56
1/27/2017,32674,43
1/28/2017,21436,39
1/29/2017,21945,43
1/30/2017,29594,37
1/31/2017,25245,34
2/1/2017,35252,47
2/2/2017,34526,45
2/3/2017,29821,33
2/4/2017,19303,34
2/5/2017,19660,43
2/6/2017,33454,49
2/7/2017,23071,42
2/8/2017,40084,62
2/10/2017,2147,32
2/11/2017,9302,48
2/12/2017,5524,40
2/13/2017,23881,39
2/14/2017,29828,41
2/15/2017,32004,47
2/16/2017,29124,35
2/17/2017,29038,41
2/18/2017,31041,63
2/19/2017,36486,65
2/20/2017,31965,55
2/21/2017,32727,47
2/22/2017,38189,57
2/23/2017,42710,65
2/24/2017,47534,70
2/25/2017,32978,63
2/26/2017,24196,44
2/27/2017,35997,54
2/28/2017,41903,59
3/1/2017,40697,70
3/2/2017,35624,64
3/3/2017,31181,39
3/4/2017,15553,30
3/5/2017,15723,37
3/6/2017,32592,45
3/7/2017,29749,56
3/8/2017,43641,59
3/9/2017,45218,61
3/10/2017,18245,47
3/11/2017,15275,29
3/12/2017,13125,29
3/13/2017,27249,36
3/17/2017,7290,47
3/18/2017,4103,39
3/19/2017,10557,47
3/20/2017,27461,52
3/21/2017,36956,59
3/22/2017,26736,50
3/23/2017,30078,42
3/24/2017,34620,57
3/25/2017,29361,62
3/26/2017,19336,42
3/27/2017,26446,53
3/28/2017,21598,46
3/29/2017,42516,60
3/30/2017,39616,52
3/31/2017,6934,43
4/1/2017,24538,48
4/2/2017,39183,63
4/3/2017,43136,63
4/4/2017,30319,51
4/5/2017,47697,65
4/6/2017,18079,53
4/7/2017,36014,51
4/8/2017,36295,57
4/9/2017,43223,67
4/10/2017,50574,74
4/11/2017,57378,80
4/12/2017,51245,76
4/13/2017,53032,65
4/14/2017,52585,66
4/15/2017,42738,65
4/16/2017,47385,87
4/17/2017,53089,74
4/18/2017,53831,65
4/19/2017,45827,54
4/20/2017,44231,66
4/21/2017,40418,53
4/22/2017,34811,57
4/23/2017,48295,66
4/24/2017,48675,60
4/25/2017,20229,54
4/26/2017,37905,60
4/27/2017,52370,70
4/28/2017,63171,85
4/29/2017,57854,85
4/30/2017,41455,67
5/1/2017,56300,74
5/2/2017,61265,75
5/3/2017,59257,65
5/4/2017,57520,64
5/5/2017,24174,59
5/6/2017,47116,67
5/7/2017,33357,56
5/8/2017,51621,57
5/9/2017,56536,63
5/10/2017,58548,63
5/11/2017,57342,62
5/12/2017,57164,65
5/13/2017,4938,53
5/14/2017,38697,67
5/15/2017,54789,68
5/16/2017,64738,79
5/17/2017,65995,90
5/18/2017,63874,92
5/19/2017,62695,91
5/20/2017,47751,65
5/21/2017,53796,69
5/22/2017,24640,61
5/23/2017,60268,69
5/24/2017,60716,69
5/25/2017,17109,59
5/26/2017,54620,73
5/27/2017,46507,71
5/28/2017,46430,71
5/29/2017,25810,61
5/30/2017,50218,60
5/31/2017,59818,75
6/1/2017,67746,79
6/2/2017,67475,76
6/3/2017,56461,73
6/4/2017,38636,70
6/5/2017,55951,67
6/6/2017,41365,58
6/7/2017,64606,67
6/8/2017,62892,69
6/9/2017,67574,80
6/10/2017,57103,85
6/11/2017,50146,90
6/12/2017,57965,93
6/13/2017,60764,94
6/14/2017,60811,84
6/15/2017,64822,76
6/16/2017,57077,68
6/17/2017,35071,74
6/18/2017,48367,85
6/19/2017,37890,88
6/20/2017,65260,83
6/21/2017,67284,83
6/22/2017,66621,83
6/23/2017,55324,83
6/24/2017,53416,84
6/25/2017,53059,83
6/26/2017,62438,79
6/27/2017,64886,77
6/28/2017,67871,78
6/29/2017,64489,82
6/30/2017,58828,88
7/1/2017,36748,85
7/2/2017,42651,87
7/3/2017,48581,88
7/4/2017,49652,85
7/5/2017,60030,85
7/6/2017,62267,77
7/7/2017,44613,80
7/8/2017,55633,84
7/9/2017,55724,81
7/10/2017,60802,84
7/11/2017,61741,85
7/12/2017,61978,88
7/13/2017,56603,90
7/14/2017,32155,73
7/15/2017,57357,84
7/16/2017,55381,87
7/17/2017,62556,85
7/18/2017,66432,88
7/19/2017,63962,92
7/20/2017,59919,94
7/21/2017,60806,92
7/22/2017,46730,92
7/23/2017,46874,79
7/24/2017,43821,73
7/25/2017,65540,71
7/26/2017,70531,77
7/27/2017,65909,78
7/28/2017,64752,85
7/29/2017,52962,77
7/30/2017,58094,82
7/31/2017,64161,88
8/1/2017,66875,92
8/2/2017,56117,86
8/3/2017,66445,87
8/4/2017,57059,84
8/5/2017,59129,78
8/6/2017,55214,76
8/7/2017,23183,71
8/8/2017,65578,78
8/9/2017,67936,85
8/10/2017,66537,83
8/11/2017,63147,82
8/12/2017,61292,77
8/13/2017,56329,83
8/14/2017,61314,80
8/15/2017,52663,74
8/16/2017,68595,87
8/17/2017,66858,83
8/18/2017,36877,82
8/19/2017,62978,86
8/20/2017,54262,81
8/21/2017,60992,87
8/22/2017,60136,89
8/23/2017,65748,81
8/24/2017,66498,80
8/25/2017,64853,78
8/26/2017,50577,78
8/27/2017,52942,78
8/28/2017,60925,76
8/29/2017,34837,68
8/30/2017,65798,78
8/31/2017,65078,81
9/1/2017,55249,71
9/2/2017,36798,68
9/3/2017,31966,69
9/4/2017,54576,80
9/5/2017,65445,85
9/6/2017,42008,72
9/7/2017,70294,71
9/8/2017,70177,71
9/9/2017,60349,70
9/10/2017,59471,72
9/11/2017,71907,76
9/12/2017,74622,78
9/13/2017,69738,83
9/14/2017,72256,81
9/15/2017,73210,81
9/16/2017,61384,82
9/17/2017,58309,81
9/18/2017,64258,73
9/19/2017,57811,78
9/20/2017,71364,79
9/21/2017,67987,80
9/22/2017,71020,82
9/23/2017,63010,87
9/24/2017,55683,91
9/25/2017,69241,88
9/26/2017,71630,84
9/27/2017,69981,87
9/28/2017,70986,79
9/29/2017,68065,68
9/30/2017,49966,66
10/1/2017,54407,68
10/2/2017,65556,73
10/3/2017,69228,71
10/4/2017,71489,75
10/5/2017,70354,83
10/6/2017,71543,82
10/7/2017,63722,81
10/8/2017,39676,77
10/9/2017,38143,77
10/10/2017,74248,81
10/11/2017,63497,77
10/12/2017,61519,64
10/13/2017,67761,67
10/14/2017,59362,72
10/15/2017,54826,74
10/16/2017,61596,69
10/17/2017,64615,58
10/18/2017,70390,72
10/19/2017,72556,71
10/20/2017,73062,73
10/21/2017,66166,78
10/22/2017,60533,76
10/23/2017,69388,74
10/24/2017,48080,74
10/25/2017,71439,67
10/26/2017,64029,58
10/27/2017,70171,62
10/28/2017,61739,69
10/29/2017,7639,67
10/30/2017,49460,61
10/31/2017,60441,57
11/1/2017,60866,59
11/2/2017,71170,72
11/3/2017,72097,74
11/4/2017,53496,56
11/5/2017,34024,61
11/6/2017,57579,66
11/7/2017,36256,49
11/8/2017,54379,49
11/9/2017,58598,55
11/10/2017,38304,51
11/11/2017,28539,38
11/12/2017,31853,46
11/13/2017,38877,47
11/14/2017,52227,48
11/15/2017,54459,51
11/16/2017,49678,57
11/17/2017,49448,47
11/18/2017,27797,56
11/19/2017,30800,59
11/20/2017,45256,47
11/21/2017,52690,58
11/22/2017,32069,56
11/23/2017,13540,43
11/24/2017,24062,50
11/25/2017,30867,57
11/26/2017,26515,51
11/27/2017,46759,51
11/28/2017,51325,54
11/29/2017,55256,63
11/30/2017,51899,53
12/1/2017,51282,52
12/2/2017,39142,48
12/3/2017,32707,48
12/4/2017,49663,51
12/5/2017,41832,61
12/6/2017,46353,59
12/7/2017,45450,44
12/8/2017,41769,39
12/9/2017,10235,35
12/10/2017,19619,39
12/11/2017,41956,41
12/12/2017,42551,50
12/13/2017,32494,31
12/14/2017,27758,32
12/15/2017,22865,28
12/16/2017,19621,39
12/17/2017,21777,38
12/18/2017,40395,47
12/19/2017,49632,55
12/20/2017,41251,51
12/21/2017,37727,39
12/22/2017,34379,50
12/23/2017,9398,48
12/24/2017,12944,41
12/25/2017,6411,38
12/26/2017,14180,28
12/27/2017,16375,24
12/28/2017,13390,18
12/29/2017,13861,22
12/30/2017,5859,23
12/31/2017,6806,21
1/1/2018,5136,19
1/2/2018,18936,26
1/3/2018,24342,30
1/4/2018,1687,29
1/5/2018,5058,19
1/6/2018,4286,13
1/7/2018,5642,18
1/8/2018,15916,31
1/9/2018,25124,44
1/10/2018,28358,43
1/11/2018,34084,53
1/12/2018,22385,61
1/13/2018,17590,58
1/14/2018,12217,25
1/15/2018,17644,30
1/16/2018,30294,36
1/17/2018,18976,36
1/18/2018,27759,32
1/19/2018,30899,41
1/20/2018,28774,52
1/21/2018,27256,50
1/22/2018,36894,49
1/23/2018,28803,60
1/24/2018,36010,44
1/25/2018,31289,34
1/26/2018,33443,38
1/27/2018,34531,56
1/28/2018,19500,55
1/29/2018,36600,47
1/30/2018,28076,36
1/31/2018,31378,33
2/1/2018,35447,45
2/2/2018,26498,41
2/3/2018,18552,31
2/4/2018,13597,46
2/5/2018,29098,40
2/6/2018,34176,37
2/7/2018,15249,45
2/8/2018,31605,33
2/9/2018,32085,39
2/10/2018,15810,50
2/11/2018,8829,62
2/12/2018,35069,62
2/13/2018,35254,38
2/14/2018,39571,53
2/15/2018,44271,62
2/16/2018,29402,58
2/17/2018,17586,40
2/18/2018,21742,44
2/19/2018,25535,49
2/20/2018,44695,67
2/21/2018,53175,78
2/22/2018,26951,59
2/23/2018,26041,42
2/24/2018,25432,55
2/25/2018,15653,44
2/26/2018,42603,52
2/27/2018,48676,56
2/28/2018,50793,61
3/1/2018,44984,60
3/2/2018,7327,44
3/3/2018,28883,49
3/4/2018,24645,44
3/5/2018,36726,43
3/6/2018,42660,47
3/7/2018,7983,39
3/8/2018,28768,39
3/9/2018,35223,42
3/10/2018,25445,40
3/11/2018,27150,45
3/12/2018,36127,43
3/13/2018,23314,40
3/14/2018,35373,41
3/15/2018,39755,48
3/16/2018,35068,40
3/17/2018,27802,48
3/18/2018,24752,43
3/19/2018,39231,47
3/20/2018,35644,39
3/21/2018,3308,39
3/22/2018,27767,50
3/23/2018,38907,49
3/24/2018,34425,51
3/25/2018,24991,45
3/26/2018,40375,50
3/27/2018,41241,47
3/28/2018,42843,52
3/29/2018,39423,53
3/30/2018,34905,62
3/31/2018,41816,58
4/1/2018,32680,60
4/2/2018,22126,43
4/3/2018,25899,43
4/4/2018,36693,56
4/5/2018,39991,45
4/6/2018,36161,62
4/7/2018,33047,49
4/8/2018,27811,46
4/9/2018,40516,49
4/10/2018,43172,51
4/11/2018,48620,51
4/12/2018,53592,63
4/13/2018,64357,82
4/14/2018,61833,77
4/15/2018,19567,44
4/16/2018,26620,60
4/17/2018,44683,47
4/18/2018,51290,55
4/19/2018,38249,49
4/20/2018,47552,50
4/21/2018,63974,63
4/22/2018,53347,67
4/23/2018,57883,68
4/24/2018,58161,66
4/25/2018,31412,60
4/26/2018,66652,70
4/27/2018,39496,59
4/28/2018,56095,68
4/29/2018,44554,59
4/30/2018,41151,51
5/1/2018,72316,80
5/2/2018,76935,90
5/3/2018,69181,92
5/4/2018,72080,84
5/5/2018,63414,76
5/6/2018,47601,66
5/7/2018,68915,77
5/8/2018,74471,74
5/9/2018,78464,77
5/10/2018,67576,66
5/11/2018,76049,73
5/12/2018,34120,63
5/13/2018,25096,54
5/14/2018,65036,71
5/15/2018,52906,88
5/16/2018,32482,64
5/17/2018,50420,71
5/18/2018,63596,67
5/19/2018,17808,56
5/20/2018,56415,81
5/21/2018,71195,79
5/22/2018,48400,68
5/23/2018,72956,81
5/24/2018,75103,83
5/25/2018,69862,86
5/26/2018,51588,89
5/27/2018,25066,80
5/28/2018,48610,69
5/29/2018,69467,89
5/30/2018,72200,78
5/31/2018,55975,68
6/1/2018,63313,81
6/2/2018,60136,87
6/3/2018,48901,66
6/4/2018,59533,71
6/5/2018,71890,75
6/6/2018,69875,71
6/7/2018,70778,71
6/8/2018,73891,82
6/9/2018,65317,83
6/10/2018,39716,73
6/11/2018,68406,73
6/12/2018,76482,75
6/13/2018,64292,78
6/14/2018,76224,84
6/15/2018,73272,76
6/16/2018,63058,85
6/17/2018,55088,91
6/18/2018,63312,91
6/19/2018,72429,88
6/20/2018,73562,83
6/21/2018,71065,83
6/22/2018,71059,75
6/23/2018,51871,66
6/24/2018,54312,84
6/25/2018,71697,81
6/26/2018,80828,78
6/27/2018,67586,73
6/28/2018,50849,83
6/29/2018,70689,89
6/30/2018,54626,93
7/1/2018,44210,96
7/2/2018,58596,95
7/3/2018,55491,92
7/4/2018,48100,86
7/5/2018,59203,90
7/6/2018,50131,80
7/7/2018,61285,78
7/8/2018,59418,84
7/9/2018,69944,87
7/10/2018,72723,93
7/11/2018,73098,88
7/12/2018,75098,84
7/13/2018,73069,84
7/14/2018,61669,88
7/15/2018,51752,83
7/16/2018,67179,90
7/17/2018,48442,88
7/18/2018,75994,85
7/19/2018,78240,83
7/20/2018,75366,82
7/21/2018,51743,79
7/22/2018,44564,79
7/23/2018,53277,80
7/24/2018,69885,82
7/25/2018,42799,77
7/26/2018,71583,85
7/27/2018,49518,86
7/28/2018,62469,85
7/29/2018,62009,82
7/30/2018,69351,78
7/31/2018,76368,82
8/1/2018,64527,84
8/2/2018,69904,86
8/3/2018,62852,85
8/4/2018,51224,84
8/5/2018,57148,91
8/6/2018,65588,92
8/7/2018,64438,90
8/8/2018,70618,90
8/9/2018,72385,86
8/10/2018,69800,86
8/11/2018,36851,80
8/12/2018,58828,84
8/13/2018,44143,75
8/14/2018,63861,82
8/15/2018,73262,86
8/16/2018,71023,88
8/17/2018,62993,87
8/18/2018,58305,85
8/19/2018,44727,72
8/20/2018,67683,74
8/21/2018,74711,79
8/22/2018,73152,82
8/23/2018,74285,77
8/24/2018,73717,82
8/25/2018,64627,80
8/26/2018,59549,83
8/27/2018,67684,88
8/28/2018,66610,94
8/29/2018,65998,92
8/30/2018,68234,90
8/31/2018,59374,78
9/1/2018,54409,78
9/2/2018,60633,81
9/3/2018,54065,90
9/4/2018,68649,92
9/5/2018,75120,89
9/6/2018,70499,93
9/7/2018,75667,75
9/8/2018,58039,71
9/9/2018,18093,62
9/10/2018,24158,64
9/11/2018,66988,74
9/12/2018,53069,77
9/13/2018,74516,76
9/14/2018,75611,75
9/15/2018,71536,80
9/16/2018,67558,84
9/17/2018,71142,79
9/18/2018,53226,79
9/19/2018,74252,81
9/20/2018,77302,72
9/21/2018,76029,72
9/22/2018,69234,74
9/23/2018,53751,66
9/24/2018,71551,69
9/25/2018,25541,73
9/26/2018,68099,82
9/27/2018,75411,72
9/28/2018,58399,65
9/29/2018,69693,72
9/30/2018,64602,70
10/1/2018,71334,76
10/2/2018,72753,77
10/3/2018,77357,74
10/4/2018,70737,76
10/5/2018,75692,71
10/6/2018,57575,68
10/7/2018,59086,79
10/8/2018,57564,74
10/9/2018,73868,77
10/10/2018,76784,80
10/11/2018,46377,77
10/12/2018,67977,68
10/13/2018,54464,55
10/14/2018,52537,58
10/15/2018,58191,68
10/16/2018,65994,60
10/17/2018,66941,61
10/18/2018,60985,50
10/19/2018,64857,60
10/20/2018,55832,62
10/21/2018,37347,51
10/22/2018,57269,50
10/23/2018,67275,63
10/24/2018,63310,54
10/25/2018,60844,51
10/26/2018,59255,50
10/27/2018,13177,51
10/28/2018,41409,52
10/29/2018,59475,56
10/30/2018,64752,55
10/31/2018,67885,64
11/1/2018,73043,70
11/2/2018,63173,72
11/3/2018,48736,65
11/4/2018,49437,55
11/5/2018,32907,53
11/6/2018,39904,59
11/7/2018,67030,62
11/8/2018,63658,56
11/9/2018,36332,52
11/10/2018,37787,50
11/11/2018,35612,46
11/12/2018,50220,49
11/13/2018,36702,50
11/14/2018,48922,43
11/15/2018,24431,40
11/16/2018,35046,45
11/17/2018,38189,47
11/18/2018,33261,44
11/19/2018,54111,50
11/20/2018,51064,47
11/21/2018,39761,44
11/22/2018,8495,28
11/23/2018,16269,32
11/24/2018,19425,49
11/25/2018,34668,55
11/26/2018,28619,53
11/27/2018,49338,45
11/28/2018,47660,42
11/29/2018,50863,46
11/30/2018,46150,43
12/1/2018,36711,46
12/2/2018,18071,56
12/3/2018,53108,55
12/4/2018,48298,46
12/5/2018,46105,37
12/6/2018,46129,40
12/7/2018,43403,39
12/8/2018,29686,36
12/9/2018,26482,36
12/10/2018,42809,39
12/11/2018,46673,41
12/12/2018,47132,41
12/13/2018,40555,40
12/14/2018,44113,51
12/15/2018,36626,52
12/16/2018,8582,46
12/17/2018,44887,46
12/18/2018,41052,40
12/19/2018,43684,42
12/20/2018,33238,47
12/21/2018,24534,61
12/22/2018,24184,54
12/23/2018,21558,43
12/24/2018,18808,43
12/25/2018,11031,40
12/26/2018,25360,43
12/27/2018,30931,44
12/28/2018,12434,60
12/29/2018,28550,57
12/30/2018,22150,40
12/31/2018,19039,48
1/1/2019,21401,58
1/2/2019,37799,40
1/3/2019,41893,44
1/4/2019,44081,47
1/5/2019,17823,47
1/6/2019,30681,49
1/7/2019,36496,34
1/8/2019,41115,45
1/9/2019,44440,45
1/10/2019,38968,34
1/11/2019,33057,30
1/12/2019,25293,34
1/13/2019,22163,33
1/14/2019,35015,32
1/15/2019,39188,36
1/16/2019,40357,39
1/17/2019,38962,33
1/18/2019,34620,39
1/19/2019,23040,37
1/20/2019,14317,42
1/21/2019,10208,14
1/22/2019,28775,31
1/23/2019,41622,52
1/24/2019,20072,59
1/25/2019,39151,40
1/26/2019,26442,35
1/27/2019,29403,49
1/28/2019,35588,38
1/29/2019,30943,43
1/30/2019,24916,35
1/31/2019,18723,16
2/1/2019,25288,21
2/2/2019,22373,34
2/3/2019,31410,53
2/4/2019,46469,61
2/5/2019,54176,65
2/6/2019,38953,46
2/7/2019,43327,44
2/8/2019,36828,55
2/9/2019,23827,32
2/10/2019,23711,35
2/11/2019,38675,38
2/12/2019,15586,36
2/13/2019,35236,41
2/14/2019,41830,46
2/15/2019,47412,59
2/16/2019,30772,47
2/17/2019,23421,38
2/18/2019,25824,42
2/19/2019,34749,36
2/20/2019,20192,33
2/21/2019,40039,52
2/22/2019,42157,44
2/23/2019,31150,42
2/24/2019,24052,47
2/25/2019,34176,43
2/26/2019,37480,36
2/27/2019,36545,31
2/28/2019,38348,37
3/1/2019,30198,35
3/2/2019,18539,41
3/3/2019,22300,42
3/4/2019,28691,38
3/5/2019,37106,32
3/6/2019,33253,26
3/7/2019,36074,32
3/8/2019,41008,39
3/9/2019,38862,49
3/10/2019,18237,43
3/11/2019,52427,53
3/12/2019,47185,44
3/13/2019,50327,49
3/14/2019,57752,57
3/15/2019,58111,75
3/16/2019,41729,58
3/17/2019,36128,45
3/18/2019,46618,46
3/19/2019,53096,51
3/20/2019,55401,53
3/21/2019,20792,46
3/22/2019,36361,49
3/23/2019,37559,48
3/24/2019,49609,60
3/25/2019,53385,56
3/26/2019,55412,49
3/27/2019,54542,47
3/28/2019,58853,53
3/29/2019,60461,59
3/30/2019,66684,70
3/31/2019,31147,65
4/1/2019,51497,46
4/2/2019,57848,52
4/3/2019,68087,67
4/4/2019,66538,60
4/5/2019,34548,45
4/6/2019,67925,68
4/7/2019,62888,66
4/8/2019,70739,79
4/9/2019,59251,51
4/10/2019,71021,60
4/11/2019,62591,55
4/12/2019,58023,68
4/13/2019,73102,77
4/14/2019,56492,73
4/15/2019,45529,65
4/16/2019,63421,66
4/17/2019,65410,63
4/18/2019,62088,62
4/19/2019,64854,80
4/20/2019,37132,64
4/21/2019,51044,66
4/22/2019,44141,64
4/23/2019,75443,77
4/24/2019,78071,69
4/25/2019,60864,66
4/26/2019,37083,59
4/27/2019,57085,58
4/28/2019,40065,53
4/29/2019,60641,60
4/30/2019,62936,60
5/1/2019,60960,56
5/2/2019,68834,78
5/3/2019,62749,56
5/4/2019,56181,71
5/5/2019,15161,58
5/6/2019,70168,74
5/7/2019,72915,70
5/8/2019,76563,71
5/9/2019,66761,61
5/10/2019,69105,73
5/11/2019,69136,69
5/12/2019,9695,59
5/13/2019,22451,48
5/14/2019,42733,52
5/15/2019,74615,69
5/16/2019,78508,73
5/17/2019,72832,76
5/18/2019,73332,75
5/19/2019,68196,76
5/20/2019,74772,85
5/21/2019,79246,71
5/22/2019,82313,74
5/23/2019,56581,72
5/24/2019,75483,73
5/25/2019,59335,71
5/26/2019,49866,86
5/27/2019,65965,80
5/28/2019,59203,71
5/29/2019,55243,70
5/30/2019,52265,70
5/31/2019,85680,80
6/1/2019,76301,80
6/2/2019,65256,81
6/3/2019,77745,70
6/4/2019,83466,70
6/5/2019,78662,81
6/6/2019,81966,83
6/7/2019,84062,81
6/8/2019,78095,81
6/9/2019,72229,78
6/10/2019,36913,70
6/11/2019,78374,77
6/12/2019,85078,74
6/13/2019,49483,65
6/14/2019,81754,73
6/15/2019,73686,81
6/16/2019,54040,80
6/17/2019,72670,76
6/18/2019,36365,73
6/19/2019,63684,71
6/20/2019,60414,78
6/21/2019,67058,77
6/22/2019,76799,79
6/23/2019,73713,83
6/24/2019,80001,84
6/25/2019,65881,84
6/26/2019,83641,87
6/27/2019,81894,89
6/28/2019,79935,89
6/29/2019,62651,91
6/30/2019,61941,83
7/1/2019,78025,85
7/2/2019,78215,85
7/3/2019,74934,87
7/4/2019,52760,90
7/5/2019,58817,86
7/6/2019,50955,90
7/7/2019,60429,86
7/8/2019,68005,78
7/9/2019,83945,87
7/10/2019,84317,88
7/11/2019,54348,87
7/12/2019,82912,87
7/13/2019,77149,85
7/14/2019,65774,89
7/15/2019,81207,85
7/16/2019,84434,91
7/17/2019,68703,93
7/18/2019,61826,79
7/19/2019,76227,91
7/20/2019,50367,95
7/21/2019,46697,95
7/22/2019,51876,90
7/23/2019,66973,74
7/24/2019,88008,83
7/25/2019,86785,84
7/26/2019,84150,88
7/27/2019,72257,85
7/28/2019,65526,88
7/29/2019,78923,90
7/30/2019,80967,92
7/31/2019,65584,87
8/1/2019,88181,87
8/2/2019,83486,84
8/3/2019,76199,86
8/4/2019,66009,87
8/5/2019,82496,82
8/6/2019,82644,79
8/7/2019,51956,84
8/8/2019,80052,84
8/9/2019,81587,83
8/10/2019,82927,81
8/11/2019,71550,80
8/12/2019,81360,85
8/13/2019,75051,79
8/14/2019,75733,84
8/15/2019,85303,85
8/16/2019,82497,79
8/17/2019,78216,87
8/18/2019,54583,90
8/19/2019,74060,90
8/20/2019,82378,88
8/21/2019,73164,87
8/22/2019,73252,90
8/23/2019,65503,74
8/24/2019,74386,76
8/25/2019,70076,77
8/26/2019,79100,74
8/27/2019,82927,75
8/28/2019,65136,74
8/29/2019,83902,81
8/30/2019,77416,86
8/31/2019,64255,81
9/1/2019,62163,78
9/2/2019,36643,74
9/3/2019,83886,82
9/4/2019,84936,87
9/5/2019,89991,74
9/6/2019,55504,67
9/7/2019,79619,75
9/8/2019,70341,77
9/9/2019,84813,78
9/10/2019,87780,76
9/11/2019,90646,88
9/12/2019,70081,81
9/13/2019,89229,72
9/14/2019,75860,74
9/15/2019,76750,82
9/16/2019,82009,77
9/17/2019,93205,76
9/18/2019,90209,69
9/19/2019,89995,70
9/20/2019,92110,78
9/21/2019,99354,84
9/22/2019,73899,86
9/23/2019,85175,89
9/24/2019,93495,76
9/25/2019,94215,79
9/26/2019,84908,83
9/27/2019,94622,76
9/28/2019,81789,82
9/29/2019,73565,80
9/30/2019,76417,71
10/1/2019,87273,81
10/2/2019,79573,93
10/3/2019,39116,63
10/4/2019,84482,66
10/5/2019,69906,61
10/6/2019,58634,70
10/7/2019,77010,79
10/8/2019,80979,64
10/9/2019,50256,59
10/10/2019,85292,71
10/11/2019,80389,64
10/12/2019,71191,67
10/13/2019,66104,67
10/14/2019,77275,72
10/15/2019,83531,64
10/16/2019,43616,66
10/17/2019,67945,57
10/18/2019,74365,58
10/19/2019,67620,60
10/20/2019,26378,59
10/21/2019,78794,67
10/22/2019,54238,63
10/23/2019,81166,65
10/24/2019,83670,67
10/25/2019,82400,65
10/26/2019,67908,63
10/27/2019,25134,67
10/28/2019,76783,63
10/29/2019,53261,59
10/30/2019,68444,63
10/31/2019,49911,71
11/1/2019,71440,71
11/2/2019,58348,53
11/3/2019,51384,54
11/4/2019,70390,56
11/5/2019,73825,61
11/6/2019,72702,54
11/7/2019,56715,57
11/8/2019,50504,41
11/9/2019,38431,41
11/10/2019,41430,51
11/11/2019,64982,62
11/12/2019,38731,57
11/13/2019,44110,34
11/14/2019,54937,45
11/15/2019,60204,51
11/16/2019,36613,42
11/17/2019,31308,43
11/18/2019,35426,42
11/19/2019,57822,48
11/20/2019,57664,49
11/21/2019,63050,53
11/22/2019,51381,53
11/23/2019,39313,45
11/24/2019,18027,46
11/25/2019,58877,53
11/26/2019,63988,61
11/27/2019,51265,59
11/28/2019,15750,53
11/29/2019,23480,40
11/30/2019,26707,43
12/1/2019,10073,39
12/2/2019,17960,37
12/3/2019,39578,36
12/4/2019,47488,39
12/5/2019,49122,42
12/6/2019,52197,50
12/7/2019,34548,38
12/8/2019,31282,46
12/9/2019,15378,55
12/10/2019,42286,58
12/11/2019,38429,40
12/12/2019,45654,36
12/13/2019,32347,48
12/14/2019,31733,56
12/15/2019,32662,49
12/16/2019,41394,37
12/17/2019,19676,35
12/18/2019,37681,36
12/19/2019,29661,25
12/20/2019,34392,33
12/21/2019,24383,35
12/22/2019,23348,46
12/23/2019,37546,57
12/24/2019,25673,47
12/25/2019,12929,47
12/26/2019,25537,46
12/27/2019,32197,54
12/28/2019,28611,51
12/29/2019,17055,44
12/30/2019,12497,41
12/31/2019,32903,45
1/1/2020,16465,41
1/2/2020,41788,49
1/3/2020,32012,49
1/4/2020,29741,51
1/5/2020,26819,42
1/6/2020,43009,45
1/7/2020,46494,45
1/8/2020,42328,42
1/9/2020,39559,34
1/10/2020,51881,55
1/11/2020,56823,69
1/12/2020,51673,68
1/13/2020,49515,46
1/14/2020,44099,46
1/15/2020,54275,50
1/16/2020,45204,49
1/17/2020,34318,33
1/18/2020,13241,37
1/19/2020,25776,43
1/20/2020,23999,31
1/21/2020,37497,33
1/22/2020,43569,38
1/23/2020,48466,47
1/24/2020,51849,51
1/25/2020,17945,51
1/26/2020,35085,46
1/27/2020,46605,45
1/28/2020,48792,43
1/29/2020,47395,41
1/30/2020,45755,38
1/31/2020,47945,44
2/1/2020,35374,43
2/2/2020,27899,45
2/3/2020,53645,57
2/4/2020,52468,61
2/5/2020,50260,55
2/6/2020,32301,41
2/7/2020,33126,56
2/8/2020,33156,41
2/9/2020,31936,44
2/10/2020,26517,47
2/11/2020,38009,48
2/12/2020,49062,46
2/13/2020,37818,44
2/14/2020,36796,40
2/15/2020,21942,31
2/16/2020,27132,44
2/17/2020,40596,51
2/18/2020,44271,47
2/19/2020,49277,48
2/20/2020,42701,35
2/21/2020,39138,35
2/22/2020,39898,50
2/23/2020,45614,56
2/24/2020,56377,62
2/25/2020,39544,53
2/26/2020,44917,48
2/27/2020,43704,43
2/28/2020,43861,42
2/29/2020,29107,35
3/1/2020,31452,44
3/2/2020,56973,58
3/3/2020,49765,59
3/4/2020,58860,56
3/5/2020,58666,51
3/6/2020,34443,45
3/7/2020,39736,48
3/8/2020,46215,59
3/9/2020,68845,72
3/10/2020,64265,65
3/11/2020,61835,57
3/12/2020,51230,50
3/13/2020,43694,70
3/14/2020,44143,57
3/15/2020,35660,54
3/16/2020,29366,45
3/17/2020,24448,54
3/18/2020,30355,54
3/19/2020,20885,52
3/20/2020,31650,77
3/21/2020,31500,65
3/22/2020,19689,45
3/23/2020,3967,41
3/24/2020,20895,55
3/25/2020,12092,45
3/26/2020,22005,60
3/27/2020,26714,69
3/28/2020,8622,54
3/29/2020,9716,47
3/30/2020,14971,52
3/31/2020,15021,49
4/1/2020,20398,56
4/2/2020,18993,58
4/3/2020,11430,52
4/4/2020,28871,62
4/5/2020,25653,65
4/6/2020,24657,66
4/7/2020,23669,68
4/8/2020,20730,64
4/9/2020,14207,59
4/10/2020,16331,49
4/11/2020,33236,56
4/12/2020,31417,63
4/13/2020,7892,67
4/14/2020,25169,60
4/15/2020,22184,54
4/16/2020,19536,50
4/17/2020,18898,51
4/18/2020,16078,46
4/19/2020,47020,63
4/20/2020,21848,57
4/21/2020,16954,61
4/22/2020,23835,51
4/23/2020,18988,52
4/24/2020,12874,49
4/25/2020,59018,65
4/26/2020,9238,51
4/27/2020,17887,50
4/28/2020,39756,67
4/29/2020,21515,59
4/30/2020,14481,60
5/1/2020,25295,66
5/2/2020,73076,73
5/3/2020,63503,80
5/4/2020,32096,75
5/5/2020,35223,63
5/6/2020,17095,52
5/7/2020,43913,67
5/8/2020,17000,57
5/9/2020,28089,48
5/10/2020,54351,64
5/11/2020,22707,61
5/12/2020,35997,59
5/13/2020,40744,64
5/14/2020,41724,67
5/15/2020,53116,84
5/16/2020,80676,77
5/17/2020,62862,69
5/18/2020,39091,70
5/19/2020,40923,68
5/20/2020,45592,66
5/21/2020,48704,68
5/22/2020,47714,77
5/23/2020,22875,67
5/24/2020,73008,67
5/25/2020,67720,71
5/26/2020,53025,78
5/27/2020,55068,79
5/28/2020,46246,76
5/29/2020,53839,81
5/30/2020,88023,81
5/31/2020,79668,70
6/1/2020,51668,70
6/2/2020,46471,72
6/3/2020,28766,79
6/4/2020,39659,84
6/5/2020,33064,79
6/6/2020,56263,86
6/7/2020,81248,76
6/8/2020,61020,79
6/9/2020,61646,87
6/10/2020,63276,85
6/11/2020,43747,84
6/12/2020,73849,85
6/13/2020,89064,75
6/14/2020,78815,74
6/15/2020,57518,75
6/16/2020,65507,78
6/17/2020,63923,78
6/18/2020,62296,77
6/19/2020,80690,83
6/20/2020,80673,86
6/21/2020,70854,88
6/22/2020,59824,90
6/23/2020,67385,87
6/24/2020,67058,86
6/25/2020,69813,87
6/26/2020,75494,87
6/27/2020,58526,80
6/28/2020,67545,90
6/29/2020,61567,87
6/30/2020,65446,80
7/1/2020,63416,80
7/2/2020,74208,92
7/3/2020,58332,90
7/4/2020,73297,87
7/5/2020,61914,92
7/6/2020,45851,96
7/7/2020,68127,82
7/8/2020,63502,83
7/9/2020,76777,89
7/10/2020,21766,77
7/11/2020,68648,83
7/12/2020,82456,87
7/13/2020,69209,86
7/14/2020,77044,85
7/15/2020,78615,82
7/16/2020,79294,78
7/17/2020,71092,84
7/18/2020,80602,91
7/19/2020,64759,94
7/20/2020,58271,93
7/21/2020,70710,91
7/22/2020,51650,92
7/23/2020,66165,86
7/24/2020,68525,80
7/25/2020,87574,88
7/26/2020,70961,92
7/27/2020,62280,93
7/28/2020,70733,93
7/29/2020,77145,90
7/30/2020,71486,92
7/31/2020,73597,82
8/1/2020,88820,88
8/2/2020,67760,89
8/3/2020,66868,88
8/4/2020,44896,79
8/5/2020,82251,86
8/6/2020,79413,82
8/7/2020,60247,81
8/8/2020,91329,83
8/9/2020,80827,87
8/10/2020,68987,92
8/11/2020,75342,88
8/12/2020,66073,90
8/13/2020,62875,79
8/14/2020,85283,86
8/15/2020,92258,84
8/16/2020,36941,72
8/17/2020,70164,81
8/18/2020,82230,82
8/19/2020,71700,75
8/20/2020,81486,80
8/21/2020,86268,83
8/22/2020,86885,88
8/23/2020,79908,86
8/24/2020,71268,90
8/25/2020,72214,89
8/26/2020,88185,77
8/27/2020,69179,90
8/28/2020,79943,85
8/29/2020,71454,81
8/30/2020,90493,79
8/31/2020,75491,77
9/1/2020,76781,77
9/2/2020,69626,79
9/3/2020,71609,85
9/4/2020,87123,85
9/5/2020,89292,80
9/6/2020,82426,82
9/7/2020,82837,79
9/8/2020,79313,84
9/9/2020,84258,81
9/10/2020,52901,82
9/11/2020,97287,76
9/12/2020,100750,74
9/13/2020,82774,74
9/14/2020,79130,75
9/15/2020,84258,66
9/16/2020,87256,71
9/17/2020,87931,75
9/18/2020,89553,70
9/19/2020,89881,63
9/20/2020,76207,65
9/21/2020,72188,65
9/22/2020,83053,71
9/23/2020,91113,79
9/24/2020,87164,75
9/25/2020,95895,77
9/26/2020,98970,74
9/27/2020,84468,79
9/28/2020,78579,77
9/29/2020,58963,74
9/30/2020,86934,71
10/1/2020,89727,72
10/2/2020,82570,65
10/3/2020,95272,66
10/4/2020,78798,67
10/5/2020,75881,70
10/6/2020,85782,69
10/7/2020,81316,74
10/8/2020,84061,64
10/9/2020,89561,69
10/10/2020,93784,71
10/11/2020,73008,67
10/12/2020,15998,57
10/13/2020,52630,58
10/14/2020,88687,67
10/15/2020,91914,71
10/16/2020,29957,66
10/17/2020,90103,59
10/18/2020,74885,62
10/19/2020,73406,65
10/20/2020,76313,71
10/21/2020,84471,68
10/22/2020,84418,68
10/23/2020,88395,69
10/24/2020,89516,69
10/25/2020,60165,53
10/26/2020,51333,59
10/27/2020,78299,59
10/28/2020,63051,57
10/29/2020,18149,56
10/30/2020,40870,47
10/31/2020,67168,46
11/1/2020,30924,55
11/2/2020,51001,44
11/3/2020,62703,53
11/4/2020,64732,62
11/5/2020,75174,67
11/6/2020,83839,70
11/7/2020,99218,74
11/8/2020,83184,75
11/9/2020,76107,75
11/10/2020,84591,74
11/11/2020,45529,72
11/12/2020,41145,68
11/13/2020,49538,50
11/14/2020,74998,52
11/15/2020,49784,64
11/16/2020,57773,55
11/17/2020,54236,50
11/18/2020,44115,36
11/19/2020,51706,48
11/20/2020,69718,63
11/21/2020,74692,64
11/22/2020,45165,59
11/23/2020,42552,60
11/24/2020,53258,48
11/25/2020,57062,56
11/26/2020,31014,65
11/27/2020,53015,63
11/28/2020,53275,56
11/29/2020,51943,54
11/30/2020,23305,63
12/1/2020,52892,62
12/2/2020,47435,43
12/3/2020,53231,50
12/4/2020,40419,52
12/5/2020,32357,47
12/6/2020,39922,40
12/7/2020,41534,40
12/8/2020,41264,36
12/9/2020,37051,38
12/10/2020,52144,49
12/11/2020,60906,57
12/12/2020,53604,58
12/13/2020,59847,62
12/14/2020,25525,47
12/15/2020,44811,39
12/16/2020,25717,31
12/17/2020,330,33
12/18/2020,15193,32
12/19/2020,16940,32
12/20/2020,16219,40
12/21/2020,31574,46
12/22/2020,37274,46
12/23/2020,40640,45
12/24/2020,32027,59
12/25/2020,12100,61
12/26/2020,19818,32
12/27/2020,23884,37
12/28/2020,38873,50
12/29/2020,33009,43
12/30/2020,35983,43
12/31/2020,27424,48
1/1/2021,17222,40
1/2/2021,41662,51
1/3/2021,14091,38
1/4/2021,36957,43
1/5/2021,38594,42
1/6/2021,37851,41
1/7/2021,37998,41
1/8/2021,37351,37
1/9/2021,34722,37
1/10/2021,35020,41
1/11/2021,36150,37
1/12/2021,42376,44
1/13/2021,42710,43
1/14/2021,47788,49
1/15/2021,40258,46
1/16/2021,41923,47
1/17/2021,38377,44
1/18/2021,42643,45
1/19/2021,40479,43
1/20/2021,36203,40
1/21/2021,41011,43
1/22/2021,44464,45
1/23/2021,31940,36
1/24/2021,26875,32
1/25/2021,36301,37
1/26/2021,27187,34
1/27/2021,39112,37
1/28/2021,33948,34
1/29/2021,23720,25
1/30/2021,27692,32
1/31/2021,20815,26
2/1/2021,249,34
2/3/2021,6488,37
2/4/2021,18792,43
2/5/2021,24378,47
2/6/2021,31236,44
2/7/2021,8308,40
2/8/2021,18534,29
2/9/2021,22482,33
2/10/2021,28232,35
2/11/2021,22979,33
2/12/2021,26009,30
2/13/2021,23084,30
2/14/2021,23441,38
2/15/2021,23404,36
2/16/2021,31048,51
2/17/2021,30902,34
2/18/2021,7630,30
2/19/2021,12061,33
2/20/2021,24992,35
2/21/2021,26475,37
2/22/2021,19553,39
2/23/2021,33534,45
2/24/2021,46049,54
2/25/2021,43427,50
2/26/2021,44560,45
2/27/2021,30815,50
2/28/2021,21321,45
3/1/2021,34575,49
3/2/2021,32100,33
3/3/2021,50122,52
3/4/2021,40247,45
3/5/2021,36338,37
3/6/2021,33478,34
3/7/2021,35352,41
3/8/2021,38478,43
3/9/2021,60231,64
3/10/2021,54876,54
3/11/2021,68394,71
3/12/2021,69490,68
3/13/2021,53517,52
3/14/2021,43533,54
3/15/2021,34394,39
3/16/2021,38031,37
3/17/2021,47314,47
3/18/2021,22554,47
3/19/2021,43779,43
3/20/2021,65050,59
3/21/2021,68873,63
3/22/2021,56194,62
3/23/2021,61564,66
3/24/2021,32777,56
3/25/2021,64657,68
3/26/2021,71615,82
3/27/2021,84712,69
3/28/2021,25256,60
3/29/2021,52598,55
3/30/2021,65613,61
3/31/2021,45382,67
4/1/2021,45527,58
4/2/2021,42831,39
4/3/2021,61218,53
4/4/2021,63335,65
4/5/2021,68141,68
4/6/2021,76225,70
4/7/2021,77680,72
4/8/2021,81552,70
4/9/2021,68187,59
4/10/2021,87596,70
4/11/2021,20135,57
4/12/2021,33647,51
4/13/2021,78682,65
4/14/2021,80113,72
4/15/2021,33032,58
4/16/2021,59414,53
4/17/2021,77508,56
4/18/2021,80652,64
4/19/2021,73000,65
4/20/2021,96136,76
4/21/2021,61764,68
4/22/2021,57101,48
4/23/2021,82793,64
4/24/2021,104081,72
4/25/2021,58487,63
4/26/2021,71658,60
4/27/2021,79576,64
4/28/2021,96329,85
4/29/2021,70576,75
4/30/2021,80693,71
5/1/2021,92840,65
5/2/2021,93982,82
5/3/2021,60831,66
5/4/2021,87014,73
5/5/2021,49749,62
5/6/2021,93267,66
5/7/2021,91204,66
5/8/2021,59759,55
5/9/2021,53317,65
5/10/2021,71172,60
5/11/2021,89079,67
5/12/2021,94864,68
5/13/2021,100737,72
5/14/2021,107380,76
5/15/2021,118947,79
5/16/2021,97138,75
5/17/2021,95272,78
5/18/2021,105861,82
5/19/2021,109860,86
5/20/2021,108242,76
5/21/2021,112908,79
5/22/2021,116548,89
5/23/2021,107595,88
5/24/2021,89255,68
5/25/2021,107021,73
5/26/2021,97890,86
5/27/2021,112627,81
5/28/2021,62800,69
5/29/2021,30059,51
5/30/2021,17684,51
5/31/2021,89263,70
6/1/2021,99573,76
6/2/2021,106594,75
6/3/2021,70048,74
6/4/2021,86683,78
6/5/2021,121395,89
6/6/2021,106230,92
6/7/2021,98146,91
6/8/2021,74855,90
6/9/2021,112234,90
6/10/2021,121449,84
6/11/2021,108165,69
6/12/2021,117030,69
6/13/2021,102599,76
6/14/2021,84536,73
6/15/2021,119250,80
6/16/2021,122295,77
6/17/2021,121569,78
6/18/2021,123279,84
6/19/2021,107584,88
6/20/2021,107581,86
6/21/2021,102005,86
6/22/2021,75603,78
6/23/2021,123507,76
6/24/2021,120793,77
6/25/2021,116700,81
6/26/2021,119114,83
6/27/2021,110176,90
6/28/2021,98770,92
6/29/2021,103439,95
6/30/2021,96879,98
7/1/2021,68032,84
7/2/2021,78222,79
7/3/2021,68506,66
7/4/2021,101586,79
7/5/2021,97873,83
7/6/2021,77415,92
7/7/2021,102959,91
7/8/2021,74962,84
7/9/2021,86388,85
7/10/2021,109422,81
7/11/2021,103497,78
7/12/2021,87995,86
7/13/2021,105516,72
7/14/2021,110458,87
7/15/2021,112495,89
7/16/2021,108290,91
7/17/2021,82404,91
7/18/2021,99926,84
7/19/2021,102779,81
7/20/2021,111610,86
7/21/2021,108763,80
7/22/2021,118499,81
7/23/2021,112630,83
7/24/2021,125255,84
7/25/2021,98074,83
7/26/2021,98845,88
7/27/2021,106224,89
7/28/2021,112498,81
7/29/2021,76099,77
7/30/2021,115771,82
7/31/2021,121921,77
8/1/2021,94679,77
8/2/2021,103225,80
8/3/2021,108968,79
8/4/2021,109238,76
8/5/2021,109461,81
8/6/2021,109439,88
8/7/2021,115283,87
8/8/2021,75469,77
8/9/2021,96518,81
8/10/2021,92686,84
8/11/2021,97930,89
8/12/2021,99798,93
8/13/2021,98733,94
8/14/2021,111796,88
8/15/2021,108622,83
8/16/2021,102332,83
8/17/2021,107430,81
8/18/2021,106531,83
8/19/2021,104854,85
8/20/2021,102352,82
8/21/2021,96396,82
8/22/2021,15853,76
8/23/2021,76861,83
8/24/2021,109287,89
8/25/2021,106715,91
8/26/2021,103688,91
8/27/2021,88710,93
8/28/2021,104347,80
8/29/2021,102478,76
8/30/2021,101175,85
8/31/2021,111979,83
9/1/2021,50787,78
9/2/2021,126475,77
9/3/2021,115073,74
9/4/2021,109117,79
9/5/2021,87510,74
9/6/2021,106337,81
9/7/2021,106927,79
9/8/2021,113136,82
9/9/2021,77654,76
9/10/2021,126613,74
9/11/2021,133587,76
9/12/2021,117228,81
9/13/2021,105993,83
9/14/2021,118480,80
9/15/2021,118368,85
9/16/2021,109637,76
9/17/2021,111916,75
9/18/2021,124651,84
9/19/2021,116470,76
9/20/2021,109099,75
9/21/2021,113240,76
9/22/2021,113378,79
9/23/2021,86742,79
9/24/2021,115901,72
9/25/2021,125193,75
9/26/2021,113560,71
9/27/2021,106811,78
9/28/2021,96558,71
9/29/2021,111536,68
9/30/2021,112583,65
10/1/2021,115828,67
10/2/2021,120155,74
10/3/2021,108304,77
10/4/2021,73613,73
10/5/2021,103932,65
10/6/2021,110685,69
10/7/2021,115335,73
10/8/2021,115808,76
10/9/2021,108091,67
10/10/2021,69386,66
10/11/2021,97257,71
10/12/2021,108314,69
10/13/2021,109850,69
10/14/2021,116278,76
10/15/2021,118471,79
10/16/2021,99243,76
10/17/2021,90860,61
10/18/2021,87314,58
10/19/2021,100118,66
10/20/2021,112026,75
10/21/2021,113734,73
10/22/2021,111571,69
10/23/2021,91369,59
10/24/2021,85039,59
10/25/2021,92446,73
10/26/2021,48015,63
10/27/2021,97986,61
10/28/2021,100689,57
10/29/2021,82622,56
10/30/2021,79170,64
10/31/2021,85726,63
11/1/2021,89655,58
11/2/2021,82811,53
11/3/2021,87259,51
11/4/2021,85758,50
11/5/2021,86279,51
11/6/2021,84659,52
11/7/2021,79380,53
11/8/2021,84958,63
11/9/2021,96712,68
11/10/2021,98195,64
11/11/2021,92925,61
11/12/2021,69975,65
11/13/2021,71475,62
11/14/2021,63193,48
11/15/2021,68372,47
11/16/2021,77280,49
11/17/2021,85554,57
11/18/2021,94672,69
11/19/2021,74090,48
11/20/2021,69554,47
11/21/2021,65383,56
11/22/2021,63652,55
11/23/2021,61201,42
11/24/2021,57450,45
11/25/2021,35034,56
11/26/2021,31985,47
11/27/2021,37424,39
11/28/2021,41660,41
11/29/2021,58569,45
11/30/2021,64170,41
12/1/2021,74033,49
12/2/2021,79362,58
12/3/2021,72585,48
12/4/2021,68161,48
12/5/2021,62509,49
12/6/2021,67735,61
12/7/2021,67189,43
12/8/2021,65876,42
12/9/2021,66553,39
12/10/2021,75593,50
12/11/2021,64261,66
12/12/2021,62109,56
12/13/2021,68299,53
12/14/2021,75703,53
12/15/2021,73103,57
12/16/2021,80607,62
12/17/2021,78035,60
12/18/2021,39513,48
12/19/2021,40310,45
12/20/2021,45540,37
12/21/2021,50951,43
12/22/2021,41926,47
12/23/2021,41284,36
12/24/2021,31319,40
12/25/2021,16406,52
12/26/2021,31737,51
12/27/2021,31583,39
12/28/2021,40728,47
12/29/2021,39656,44
12/30/2021,46925,49
12/31/2021,48696,55
1/1/2022,20895,56
1/2/2022,44234,59
1/3/2022,34126,37
1/4/2022,37879,34
1/5/2022,35080,47
1/6/2022,46004,41
1/7/2022,17838,34
1/8/2022,25129,30
1/9/2022,22088,40
1/10/2022,35717,40
1/11/2022,27704,24
1/12/2022,41636,40
1/13/2022,51798,48
1/14/2022,46837,43
1/15/2022,23717,21
1/16/2022,21588,37
1/17/2022,29887,44
1/18/2022,44045,36
1/19/2022,55371,49
1/20/2022,34901,46
1/21/2022,35006,22
1/22/2022,33018,29
1/23/2022,33817,37
1/24/2022,42591,36
1/25/2022,51982,42
1/26/2022,43279,28
1/27/2022,45058,32
1/28/2022,35740,32
1/29/2022,2927,29
1/30/2022,9688,26
1/31/2022,22838,31
2/1/2022,29993,36
2/2/2022,42955,47
2/3/2022,27292,52
2/4/2022,21072,57
2/5/2022,31980,27
2/6/2022,30313,30
2/7/2022,31611,37
2/8/2022,53493,45
2/9/2022,57558,46
2/10/2022,63584,54
2/11/2022,66310,57
2/12/2022,70299,59
2/13/2022,20897,42
2/14/2022,35732,25
2/15/2022,41940,30
2/16/2022,55072,49
2/17/2022,69223,68
2/18/2022,48407,63
2/19/2022,33400,40
2/20/2022,31959,36
2/21/2022,53863,55
2/22/2022,37452,61
2/23/2022,68175,68
2/24/2022,46001,35
2/25/2022,31350,41
2/26/2022,42732,37
2/27/2022,44121,48
2/28/2022,46930,36
3/1/2022,57432,48
3/2/2022,68718,52
3/3/2022,56795,48
3/4/2022,51059,37
3/5/2022,52695,46
3/6/2022,55948,68
3/7/2022,69568,74
3/8/2022,63778,50
3/9/2022,28822,41
3/10/2022,67868,51
3/11/2022,71017,55
3/12/2022,20336,48
3/13/2022,31815,35
3/14/2022,64895,56
3/15/2022,80950,68
3/16/2022,83460,67
3/17/2022,51187,53
3/18/2022,95284,74
3/19/2022,79685,70
3/20/2022,67065,61
3/21/2022,74997,62
3/22/2022,77201,58
3/23/2022,62383,49
3/24/2022,46992,47
3/25/2022,76966,60
3/26/2022,63708,53
3/27/2022,46883,46
3/28/2022,39187,33
3/29/2022,49720,38
3/30/2022,62747,47
3/31/2022,74283,66
4/1/2022,70244,61
4/2/2022,74958,54
4/3/2022,38074,48
4/4/2022,70671,54
4/5/2022,74265,57
4/6/2022,49773,53
4/7/2022,36284,54
4/8/2022,90641,65
4/9/2022,69105,55
4/10/2022,58595,50
4/11/2022,77371,61
4/12/2022,95735,72
4/13/2022,100803,71
4/14/2022,92849,79
4/15/2022,102100,70
4/16/2022,84084,73
4/17/2022,55577,51
4/18/2022,57235,54
4/19/2022,60480,50
4/20/2022,87636,60
4/21/2022,79750,59
4/22/2022,100005,70
4/23/2022,96936,65
4/24/2022,85463,63
4/25/2022,74762,58
4/26/2022,76986,60
4/27/2022,84742,58
4/28/2022,80806,58
4/29/2022,89424,63
4/30/2022,104259,68
5/1/2022,97344,69
5/2/2022,56229,56
5/3/2022,95263,62
5/4/2022,81915,65
5/5/2022,113394,74
5/6/2022,36211,61
5/7/2022,21271,50
5/8/2022,65005,58
5/9/2022,96836,70
5/10/2022,107649,73
5/11/2022,110056,75
5/12/2022,113665,75
5/13/2022,98440,72
5/14/2022,81802,72
5/15/2022,111373,76
5/16/2022,81406,75
5/17/2022,120376,77
5/18/2022,120400,72
5/19/2022,92433,66
5/20/2022,87405,69
5/21/2022,118165,90
5/22/2022,106060,89
5/23/2022,103820,73
5/24/2022,107315,67
5/25/2022,116909,70
5/26/2022,113837,70
5/27/2022,91251,80
5/28/2022,84854,74
5/29/2022,103741,77
5/30/2022,103218,84
5/31/2022,102957,93
6/1/2022,90340,72
6/2/2022,101166,79
6/3/2022,123870,76
6/4/2022,130555,80
6/5/2022,118762,77
6/6/2022,113007,80
6/7/2022,106620,78
6/8/2022,127068,82
6/9/2022,117823,81
6/10/2022,125467,77
6/11/2022,118389,74
6/12/2022,92658,72
6/13/2022,114418,85
6/14/2022,126657,81
6/15/2022,131188,83
6/16/2022,104936,71
6/17/2022,122881,88
6/18/2022,111681,75
6/19/2022,108688,73
6/20/2022,117156,78
6/21/2022,102116,80
6/22/2022,97198,67
6/23/2022,120734,74
6/24/2022,127645,81
6/25/2022,121606,90
6/26/2022,109080,89
6/27/2022,81972,77
6/28/2022,124745,79
6/29/2022,124885,84
6/30/2022,119572,86
7/1/2022,106512,91
7/2/2022,91281,87
7/3/2022,91987,88
7/4/2022,97590,85
7/5/2022,91452,87
7/6/2022,116243,85
7/7/2022,118010,84
7/8/2022,101322,83
7/9/2022,126534,85
7/10/2022,118774,83
7/11/2022,114714,85
7/12/2022,115157,90
7/13/2022,124307,91
7/14/2022,123861,90
7/15/2022,122804,86
7/16/2022,114688,85
7/17/2022,114103,83
7/18/2022,85976,81
7/19/2022,123335,90
7/20/2022,121408,95
7/21/2022,112282,92
7/22/2022,115384,94
7/23/2022,110836,95
7/24/2022,102668,95
7/25/2022,99366,86
7/26/2022,126208,81
7/27/2022,128834,85
7/28/2022,121009,87
7/29/2022,118209,85
7/30/2022,126697,87
7/31/2022,115839,86
8/1/2022,101128,77
8/2/2022,124550,90
8/3/2022,128648,89
8/4/2022,121530,93
8/5/2022,117754,89
8/6/2022,126469,92
8/7/2022,97764,92
8/8/2022,107354,93
8/9/2022,112465,97
8/10/2022,127251,87
8/11/2022,117476,89
8/12/2022,126404,85
8/13/2022,135884,79
8/14/2022,114891,82
8/15/2022,115123,83
8/16/2022,126078,83
8/17/2022,123933,81
8/18/2022,125828,87
8/19/2022,124513,90
8/20/2022,132446,90
8/21/2022,113652,82
8/22/2022,88537,79
8/23/2022,122067,86
8/24/2022,126560,90
8/25/2022,123828,91
8/26/2022,111955,87
8/27/2022,121289,90
8/28/2022,110912,82
8/29/2022,111304,85
8/30/2022,116826,89
8/31/2022,126890,85
9/1/2022,125121,86
9/2/2022,119742,79
9/3/2022,110856,82
9/4/2022,102298,90
9/5/2022,96611,88
9/6/2022,42000,74
9/7/2022,116330,72
9/8/2022,138383,78
9/9/2022,137341,80
9/10/2022,138363,86
9/11/2022,69610,76
9/12/2022,118430,81
9/13/2022,125741,82
9/14/2022,138737,80
9/15/2022,135997,74
9/16/2022,135292,75
9/17/2022,134089,76
9/18/2022,119804,83
9/19/2022,105746,85
9/20/2022,133629,79
9/21/2022,137221,80
9/22/2022,105017,75
9/23/2022,116488,63
9/24/2022,116340,69
9/25/2022,89222,72
9/26/2022,108384,74
9/27/2022,119683,70
9/28/2022,127208,69
9/29/2022,124750,66
9/30/2022,118690,62
10/1/2022,61578,61
10/2/2022,53214,60
10/3/2022,50912,53
10/4/2022,53720,55
10/5/2022,71329,59
10/6/2022,127479,74
10/7/2022,127008,76
10/8/2022,103614,58
10/9/2022,96554,61
10/10/2022,99003,67
10/11/2022,115120,70
10/12/2022,121754,70
10/13/2022,75635,69
10/14/2022,118283,67
10/15/2022,121431,68
10/16/2022,104099,64
10/17/2022,91303,66
10/18/2022,104069,56
10/19/2022,102662,54
10/20/2022,107486,58
10/21/2022,111624,62
10/22/2022,114545,66
10/23/2022,68572,61
10/24/2022,68400,61
10/25/2022,101466,70
10/26/2022,115945,72
10/27/2022,119127,65
10/28/2022,109592,56
10/29/2022,108200,58
10/30/2022,98453,63
10/31/2022,99493,65
11/1/2022,106823,67
11/2/2022,121039,70
11/3/2022,120221,67
11/4/2022,122402,70
11/5/2022,125658,76
11/6/2022,106552,75
11/7/2022,110288,77
11/8/2022,99562,58
11/9/2022,98324,53
11/10/2022,112425,66
11/11/2022,56615,68
11/12/2022,117406,69
11/13/2022,71312,61
11/14/2022,76183,45
11/15/2022,66302,46
11/16/2022,79431,50
11/17/2022,80813,46
11/18/2022,75806,44
11/19/2022,61394,40
11/20/2022,46485,40
11/21/2022,61605,41
11/22/2022,76381,51
11/23/2022,76304,55
11/24/2022,39289,54
11/25/2022,44683,55
11/26/2022,61668,57
11/27/2022,35788,60
11/28/2022,75305,54
11/29/2022,77697,44
11/30/2022,56344,58
12/1/2022,75453,43
12/2/2022,77173,47
12/3/2022,46947,58
12/4/2022,64561,45
12/5/2022,76259,48
12/6/2022,54229,58
12/7/2022,76862,59
12/8/2022,92372,55
12/9/2022,79557,45
12/10/2022,65856,39
12/11/2022,33866,40
12/12/2022,62130,38
12/13/2022,67875,40
12/14/2022,69758,39
12/15/2022,45549,42
12/16/2022,29565,44
12/17/2022,61577,44
12/18/2022,50011,40
12/19/2022,56236,39
12/20/2022,60578,39
12/21/2022,61343,40
12/22/2022,40443,47
12/23/2022,27551,58
12/24/2022,12601,15
12/25/2022,9851,28
12/26/2022,20255,29
12/27/2022,34395,35
12/28/2022,45677,47
12/29/2022,53677,51
12/30/2022,64550,62
12/31/2022,32895,55
1/1/2023,52561,55
1/2/2023,60369,56
1/3/2023,53591,58
1/4/2023,76968,66
1/5/2023,74016,50
1/6/2023,67023,49
1/7/2023,61270,45
1/8/2023,51149,41
1/9/2023,63617,44
1/10/2023,68693,41
1/11/2023,69327,39
1/12/2023,53216,55
1/13/2023,67539,57
1/14/2023,44968,38
1/15/2023,42381,41
1/16/2023,51554,48
1/17/2023,66948,47
1/18/2023,78025,53
1/19/2023,33472,44
1/20/2023,69848,49
1/21/2023,60243,42
1/22/2023,40698,42
1/23/2023,39724,39
1/24/2023,69870,46
1/25/2023,43222,54
1/26/2023,66678,57
1/27/2023,67796,44
1/28/2023,68844,52
1/29/2023,59805,53
1/30/2023,72528,55
1/31/2023,59258,50
2/1/2023,62378,38
2/2/2023,65127,40
2/3/2023,39390,35
2/4/2023,25740,27
2/5/2023,51420,49
2/6/2023,66824,52
2/7/2023,67974,43
2/8/2023,81023,53
2/9/2023,78527,55
2/10/2023,86701,61
2/11/2023,65856,46
2/12/2023,57453,48
2/13/2023,74357,57
2/14/2023,80614,54
2/15/2023,91995,67
2/16/2023,76975,70
2/17/2023,51350,61
2/18/2023,54028,43
2/19/2023,53133,50
2/20/2023,73443,61
2/21/2023,58206,50
2/22/2023,56250,44
2/23/2023,67889,44
2/24/2023,61569,45
2/25/2023,44755,33
2/26/2023,56586,50
2/27/2023,60420,46
2/28/2023,42165,38
3/1/2023,72648,44
3/2/2023,76610,54
3/3/2023,67532,47
3/4/2023,58907,45
3/5/2023,67009,53
3/6/2023,75204,52
3/7/2023,69046,47
3/8/2023,74211,48
3/9/2023,80030,51
3/10/2023,61583,46
3/11/2023,50991,45
3/12/2023,58548,48
3/13/2023,33946,45
3/14/2023,41017,38
3/15/2023,68192,45
3/16/2023,86538,59
3/17/2023,86142,60
3/18/2023,77440,56
3/19/2023,50245,40
3/20/2023,71296,51
3/21/2023,90902,63
3/22/2023,90154,62
3/23/2023,77784,60
3/24/2023,80439,55
3/25/2023,34173,47
3/26/2023,91018,63
3/27/2023,62946,62
3/28/2023,82721,52
3/29/2023,91744,55
3/30/2023,79255,46
3/31/2023,85943,57
4/1/2023,73680,72
4/2/2023,73956,51
4/3/2023,87635,59
4/4/2023,109005,73
4/5/2023,74559,57
4/6/2023,100331,80
4/7/2023,84638,60
4/8/2023,79886,54
4/9/2023,72551,57
4/10/2023,93609,68
4/11/2023,107995,75
4/12/2023,120189,84
4/13/2023,123278,90
4/14/2023,124248,91
4/15/2023,104932,75
4/16/2023,107416,71
4/17/2023,95119,68
4/18/2023,99740,57
4/19/2023,110219,64
4/20/2023,117628,66
4/21/2023,119343,71
4/22/2023,117721,67
4/23/2023,91015,69
4/24/2023,103197,62
4/25/2023,109725,60
4/26/2023,112423,60
4/27/2023,107108,57
4/28/2023,88783,56
4/29/2023,18501,53
4/30/2023,25920,60
5/1/2023,106054,61
5/2/2023,93603,56
5/3/2023,105697,57
5/4/2023,96207,55
5/5/2023,116522,66
5/6/2023,128083,73
5/7/2023,117009,78
5/8/2023,119120,77
5/9/2023,119674,71
5/10/2023,127630,73
5/11/2023,132772,80
5/12/2023,133496,87
5/13/2023,125526,82
5/14/2023,110389,74
5/15/2023,118891,74
5/16/2023,125801,79
5/17/2023,119498,69
5/18/2023,118928,61
5/19/2023,123605,70
5/20/2023,46320,65
5/21/2023,117851,70
5/22/2023,117899,75
5/23/2023,126289,70
5/24/2023,120182,77
5/25/2023,126936,68
5/26/2023,125965,72
5/27/2023,110054,78
5/28/2023,102940,79
5/29/2023,106074,79
5/30/2023,115773,72
5/31/2023,125978,77
6/1/2023,130759,87
6/2/2023,115094,91
6/3/2023,109423,69
6/4/2023,106569,69
6/5/2023,118483,76
6/6/2023,115510,79
6/7/2023,94984,69
6/8/2023,99754,72
6/9/2023,116658,72
6/10/2023,126346,78
6/11/2023,111806,82
6/12/2023,100134,78
6/13/2023,135587,78
6/14/2023,120988,76
6/15/2023,139040,77
6/16/2023,109200,79
6/17/2023,120431,77
6/18/2023,114325,80
6/19/2023,124291,81
6/20/2023,132590,78
6/21/2023,135957,73
6/22/2023,120253,72
6/23/2023,111057,71
6/24/2023,114492,78
6/25/2023,120422,85
6/26/2023,105325,78
6/27/2023,122791,79
6/28/2023,135810,82
6/29/2023,134865,82
6/30/2023,117315,84
7/1/2023,112008,82
7/2/2023,85823,88
7/3/2023,100583,89
7/4/2023,87478,83
7/5/2023,120041,93
7/6/2023,127001,90
7/7/2023,127263,87
7/8/2023,120195,88
7/9/2023,91182,82
7/10/2023,127644,84
7/11/2023,137818,89
7/12/2023,137877,91
7/13/2023,135914,88
7/14/2023,109999,84
7/15/2023,113298,88
7/16/2023,67364,78
7/17/2023,128947,88
7/18/2023,126713,84
7/19/2023,136203,80
7/20/2023,143989,88
7/21/2023,129433,84
7/22/2023,137235,85
7/23/2023,126166,88
7/24/2023,129504,85
7/25/2023,115328,86
7/26/2023,148050,87
7/27/2023,132352,92
7/28/2023,129631,92
7/29/2023,123905,89
7/30/2023,132718,80
7/31/2023,134594,85
8/1/2023,147058,82
8/2/2023,149900,81
8/3/2023,147691,80
8/4/2023,134466,77
8/5/2023,142980,87
8/6/2023,127840,87
8/7/2023,102676,81
8/8/2023,138190,80
8/9/2023,145951,86
8/10/2023,92908,81
8/11/2023,141013,85
8/12/2023,137365,85
8/13/2023,121707,88
8/14/2023,127527,87
8/15/2023,133585,80
8/16/2023,141217,82
8/17/2023,136879,79
8/18/2023,132295,80
8/19/2023,149277,78
8/20/2023,123379,85
8/21/2023,126287,88
8/22/2023,141099,79
8/23/2023,142173,80
8/24/2023,104947,73
8/25/2023,102525,78
8/26/2023,129505,84
8/27/2023,129800,84
8/28/2023,126244,76
8/29/2023,139296,80
8/30/2023,135035,83
8/31/2023,142354,77
9/1/2023,131946,76
9/2/2023,122928,79
9/3/2023,115488,88
9/4/2023,114780,89
9/5/2023,137241,92
9/6/2023,145720,93
9/7/2023,149033,93
9/8/2023,123942,90
9/9/2023,129428,84
9/10/2023,88372,77
9/11/2023,114842,82
9/12/2023,160895,82
9/13/2023,148375,79
9/14/2023,161499,77
9/15/2023,150141,69
9/16/2023,148073,75
9/17/2023,128681,77
9/18/2023,62091,68
9/19/2023,157079,72
9/20/2023,160485,74
9/21/2023,157420,71
9/22/2023,152927,71
9/23/2023,37415,63
9/24/2023,35760,66
9/25/2023,44794,66
9/26/2023,86483,60
9/27/2023,142141,64
9/28/2023,110560,65
9/29/2023,50716,63
9/30/2023,105907,66
10/1/2023,135388,76
10/2/2023,139434,77
10/3/2023,151196,80
10/4/2023,154131,83
10/5/2023,152753,77
10/6/2023,125181,71
10/7/2023,70949,69
10/8/2023,108024,59
10/9/2023,111270,60
10/10/2023,132071,63
10/11/2023,146351,69
10/12/2023,146411,69
10/13/2023,141050,63
10/14/2023,44069,56
10/15/2023,109292,60
10/16/2023,123994,63
10/17/2023,137064,61
10/18/2023,141051,63
10/19/2023,143633,64
10/20/2023,64054,63
10/21/2023,97905,63
10/22/2023,103540,57
10/23/2023,119334,60
10/24/2023,136936,65
10/25/2023,146414,72
10/26/2023,154052,77
10/27/2023,151643,74
10/28/2023,161586,80
10/29/2023,51294,63
10/30/2023,102056,60
10/31/2023,121547,51
11/1/2023,103384,49
11/2/2023,111708,48
11/3/2023,117894,55
11/4/2023,115173,61
11/5/2023,115289,65
11/6/2023,109199,56
11/7/2023,121130,64
11/8/2023,113595,54
11/9/2023,121286,57
11/10/2023,111397,53
11/11/2023,106110,55
11/12/2023,80622,44
11/13/2023,96960,49
11/14/2023,108435,53
11/15/2023,113716,53
11/16/2023,126032,65
11/17/2023,131552,67
11/18/2023,100217,63
11/19/2023,89999,55
11/20/2023,90641,46
11/21/2023,62221,48
11/22/2023,84206,54
11/23/2023,46157,52
11/24/2023,54684,51
11/25/2023,54138,40
11/26/2023,46249,56
11/27/2023,89180,56
11/28/2023,82936,41
11/29/2023,83511,38
11/30/2023,100116,51
12/1/2023,68015,51
12/2/2023,104671,60
12/3/2023,36508,53
12/4/2023,98393,54
12/5/2023,98187,43
12/6/2023,92702,43
12/7/2023,88293,39
12/8/2023,100728,51
12/9/2023,104642,59
12/10/2023,44662,61
12/11/2023,70484,50
12/12/2023,93214,44
12/13/2023,96781,47
12/14/2023,93133,41
12/15/2023,105719,58
12/16/2023,97249,54
12/17/2023,56656,59
12/18/2023,59028,62
12/19/2023,83957,44
12/20/2023,83340,46
12/21/2023,77175,42
12/22/2023,65697,37
12/23/2023,51231,44
12/24/2023,40950,49
12/25/2023,31063,49
12/26/2023,53036,51
12/27/2023,44013,50
12/28/2023,48510,55
12/29/2023,71412,55
12/30/2023,58494,46
12/31/2023,55722,43
1/1/2024,49070,47
1/2/2024,70370,42
1/3/2024,78729,43
1/4/2024,79965,45
1/5/2024,74535,37
1/6/2024,44748,38
1/7/2024,36893,38
1/8/2024,80997,45
1/9/2024,44437,57
1/10/2024,84379,57
1/11/2024,92006,47
1/12/2024,88317,50
1/13/2024,65836,60
1/14/2024,50268,44
1/15/2024,47323,29
1/16/2024,28162,32
1/17/2024,44609,24
1/18/2024,57540,34
1/19/2024,45458,32
1/20/2024,38730,26
1/21/2024,38006,31
1/22/2024,63300,38
1/23/2024,73097,40
1/24/2024,69025,48
1/25/2024,78939,59
1/26/2024,76164,46
1/27/2024,83126,49
1/28/2024,30521,44
1/29/2024,73131,40
1/30/2024,80777,38
1/31/2024,85918,40
2/1/2024,90513,46
2/2/2024,70819,46
2/3/2024,74538,43
2/4/2024,67945,46
2/5/2024,79353,45
2/6/2024,84202,42
2/7/2024,92692,48
2/8/2024,97843,53
2/9/2024,99709,55
2/10/2024,96668,60
2/11/2024,78749,56
2/12/2024,85746,48
2/13/2024,32939,41
2/14/2024,73225,38
2/15/2024,77419,39
2/16/2024,77025,43
2/17/2024,38799,36
2/18/2024,47456,40
2/19/2024,59803,41
2/20/2024,70492,40
2/21/2024,76794,43
2/22/2024,72947,45
2/23/2024,77644,47
2/24/2024,73792,44
2/25/2024,58478,41
2/26/2024,84992,55
2/27/2024,80360,55
2/28/2024,69322,62
2/29/2024,86159,43
3/1/2024,87829,48
3/2/2024,28723,55
3/3/2024,115183,68
3/4/2024,98111,59
3/5/2024,51487,49
3/6/2024,54956,53
3/7/2024,96514,54
3/8/2024,106564,57
3/9/2024,43104,49
3/10/2024,63253,51
3/11/2024,82176,52
3/12/2024,121132,66
3/13/2024,122822,62
3/14/2024,136726,74
3/15/2024,125044,73
3/16/2024,115245,61
3/17/2024,102363,63
3/18/2024,92710,51
3/19/2024,92710,48
3/20/2024,92234,57
3/21/2024,84796,43
3/22/2024,85785,46
3/23/2024,23903,50
3/24/2024,72948,48
3/25/2024,93965,53
3/26/2024,105245,53
3/27/2024,95913,52
3/28/2024,55955,51
3/29/2024,99427,56
3/30/2024,97784,62
3/31/2024,93274,62
